story_id,prompt_id,model,SMOG,ARI,LFP,MDD,SRP,SPD,SCC,SVL,EPD,ECC,EVL
0,0,Human,7.475848149327749,3.5418872180451153,0.023148148148148147,1.9188106426201663,7.843355087397234,6.707491263611902,1.684550740116844,3.386567839603954,0.29005000000000003,3.666877370417195,5.9987
1,1,Human,8.4952907291091,4.867987616099072,0.015151515151515152,1.9774881268828637,7.784632784887323,6.88190849810668,1.709511622819853,3.3843441773502985,0.5112315789473684,4.334597706278727,5.8721000000000005
4,4,Human,9.80015041476705,6.521777126099707,0.01935483870967742,1.9887158296249206,8.31139956867496,7.319627636744983,1.7839173064257787,3.6790609041611155,0.46073,2.045597833325934,4.1807
5,5,Human,8.344100000000001,5.616571491810532,0.005780346820809248,2.010885624149513,8.164723235385889,6.9173567150892605,1.528649521015198,2.9118388889255375,0.4149485714285714,5.962639077062034,10.595699999999999
6,6,Human,7.908726449838941,4.637873754152821,0.02027027027027027,1.8851203776705188,8.37799656821515,7.5322352241578026,2.597865019650028,3.7921333915939437,0.23226842105263157,4.038711448705042,3.3598
9,9,Human,7.348242739294969,3.7919128787878797,0.020833333333333332,1.984454360256499,8.125276483215101,6.738289900648116,1.3942410237892993,3.759571433353283,0.51793,1.8087305744718,3.5513
10,10,Human,8.07648339933343,7.250576923076924,0.038461538461538464,2.0348473886121954,8.857498896805293,7.302906791821851,1.5284563492603145,3.881072556948148,0.5164285714285715,1.488757104027675,3.1833
13,13,Human,8.344100000000001,5.81704467353952,0.02054794520547945,1.9542911536447893,8.378175730771789,6.9325775504051155,1.4146082403698408,3.502321059428575,0.31570526315789477,2.7233269772087536,4.6124
14,14,Human,7.492282038375204,1.8164701679171102,0.01935483870967742,1.8173778129660483,8.148612337763876,6.544284048925455,1.7237622640791666,3.1052410201902965,0.22315555555555555,4.6571594202898545,4.5365
17,17,Human,7.492282038375204,4.2214285714285715,0.03225806451612903,1.5190542828951135,9.675021652290724,7.340568062764082,1.3338020778984405,4.212067867408498,0.42680625,3.5262315398120414,4.037
18,18,Human,9.984395529734659,7.236016260162604,0.0028089887640449437,1.9521846388945259,8.27748567920953,6.850224661968024,1.6402212466746167,3.165110745210697,0.33539523809523814,4.059071000461042,4.8420000000000005
19,19,Human,8.548686976883017,2.3961613272311197,0.019230769230769232,1.6134603593001426,8.088904127951476,6.451213010539912,2.2289416027116236,2.6153443654500026,0.35256382978723405,9.94627851140456,10.2426
22,22,Human,6.8360192770164,3.3985964912280693,0.023529411764705882,1.5137143493761138,8.112646778645171,6.916746686637778,1.6122246553848323,3.5865208729851012,0.3535285714285714,5.970805854913946,5.7944
23,23,Human,7.738981096181358,2.6108631184641773,0.17772511848341233,1.4018286854107749,9.317382820266607,7.360963723151951,1.7912211529194244,3.3077138157423485,0.2402969696969697,9.449800393255083,9.2529
26,26,Human,6.42735559955562,0.20795208881098404,0.0070921985815602835,1.418341033966034,7.7025420279972785,6.487398718049657,2.105919047278295,3.2258541940737353,0.15929565217391306,3.0549487200867174,1.8319
27,27,Human,9.210782826323648,6.575527876631082,0.0,2.0647517865588516,8.088579797824282,6.723320444303364,1.5204246700906117,3.418273418997102,0.46826666666666655,3.3932367149758456,5.7989
30,30,Human,8.28583001469385,4.215032421145182,0.009036144578313253,1.8534457219356149,8.356940152300735,6.91022391553185,1.4798426756362257,3.332366753435501,0.2802678571428571,4.496361657021715,6.0633
32,32,Human,7.573540080772712,3.3380382775119593,0.007389162561576354,1.6712885005998106,8.682221702488444,6.989145985342499,1.8059509381517664,3.16816268261368,0.28885217391304346,6.243398176863078,8.275
34,34,Human,8.939507131559953,7.884849681955139,0.039525691699604744,2.1363766538522806,8.328182376186122,7.248695226179671,1.748630153594869,2.8488955144035466,0.630742857142857,9.731540665638086,13.6721
35,35,Human,8.263242389622931,4.315728021978021,0.0036231884057971015,1.7558371116063423,8.270223409074468,6.043763999990721,1.453150507055598,3.1760595528975784,0.428292,4.366049584080899,8.414599999999998
36,36,Human,10.7630783206399,9.979248120300753,0.05263157894736842,1.9719653836501663,8.78065755037868,7.237979977650714,1.2552345659329422,3.7633270763279416,0.4484066666666667,4.29618037812979,5.022600000000001
40,40,Human,9.007467420416297,9.233593995461689,0.03927492447129909,2.172958215398431,8.813889572601981,7.45054658110028,1.5706388740570227,3.7368097543016807,0.6187250000000001,3.89625314861461,7.223999999999999
44,44,Human,7.793537801064561,3.777014925373134,0.009708737864077669,1.9094818457686107,8.118078934240787,6.825499086913782,2.051118432363161,3.3002000787914554,0.25829473684210524,2.5146546423447425,3.4053
49,49,Human,7.285733465282437,5.18892156862745,0.009389671361502348,1.30334707957257,8.790090283331676,6.139455520667004,1.779689100518404,3.109923358210342,0.3105512195121951,6.585259891388675,7.048699999999999
51,51,Human,7.32110970712323,6.824633378317589,0.027237354085603113,2.16115762067332,8.314157259387342,7.233989782835138,1.6470288069561558,3.101988267693979,0.2255208333333333,3.9355049807314773,3.2055
53,53,Human,9.778596075983211,5.116470367591898,0.021806853582554516,1.7165678382430303,8.815119701389806,7.0860026541209225,1.6301381841060147,3.3757721895516153,0.17678181818181818,3.5953408110440037,3.0449
56,56,Human,9.984395529734659,7.520160000000001,0.021447721179624665,2.0012943240667376,8.4783221299331,7.180140012424239,1.467181533582876,3.367087190437553,0.4320916666666667,5.950309846224467,6.877999999999999
59,59,Human,8.930421266530583,5.238221830985914,0.014084507042253521,2.0139242964846873,8.183247886609628,6.912446977274525,1.7217316263934412,3.07542040046198,0.465775,6.102272262026613,10.482099999999999
62,62,Human,6.980632752743321,3.1423838855848167,0.013761467889908258,1.845782988450167,8.270898451777596,6.698677878728378,1.96381554664838,2.8928389038623177,0.3644552631578948,4.508529201119866,13.350099999999998
63,63,Human,8.704169506293173,4.267711163153784,0.13409961685823754,1.5455880176468415,8.142926273397409,7.313691008686303,1.4887906823941053,3.665216007636482,0.24255862068965514,3.336748731084863,4.9167
65,65,Human,7.827709963407827,4.349616368286448,0.018292682926829267,1.6265067099100714,8.724138513138234,7.06127191023455,1.8441878977983681,3.073228597335685,0.18694146341463416,5.052471984179303,5.352
67,67,Human,8.463088693708993,5.599106779745078,0.052104208416833664,1.9200892081027363,8.514430773267708,7.073916238148891,1.906604008578732,2.996354190788234,0.524548717948718,12.217020005971934,12.950399999999998
69,69,Human,9.516144504307135,5.076843317972351,0.0330188679245283,1.8781302715924426,8.07729143686175,6.76245242646459,1.3360907017660983,3.6680481203766893,0.5000666666666668,4.142825582679776,5.581899999999999
80,80,Human,9.162432508145574,6.949932647997166,0.0069124423963133645,2.2356384067032433,8.00437002097185,6.782533102374367,1.6222845481428698,2.9912749925057978,0.333976,3.807469560855488,4.5601
81,81,Human,6.742157984588678,4.319351821992907,0.0136986301369863,2.0358539101411903,8.436696348386617,6.99578516134849,1.7624727773786146,3.2321765135709875,0.37762571428571423,4.743871361401241,11.240499999999999
87,87,Human,8.634040054169528,6.4612229016120075,0.0078125,2.2539921521500466,8.380271516399269,7.054337425780016,1.5021024720284624,3.5387920619446915,0.44417500000000004,4.770091283336317,4.1689
89,89,Human,8.360895534625664,5.392609012805963,0.04358974358974359,1.977829197223984,8.709025335244258,7.260827821818272,1.5767932164423717,3.2255033773337636,0.32118,4.488888888888889,5.7891
91,91,Human,6.79490614679532,3.9201607387140918,0.03488372093023256,1.6847885139551808,8.554967230833944,7.668759135529599,1.4646662829611026,4.210706255380924,0.35129411764705887,2.655756659403211,3.2984
92,92,Human,6.605766666666667,6.7978743961352635,0.016853932584269662,1.7042778010519943,8.624989117781798,5.7393842857588675,1.7763268786242878,3.324149546591669,0.1803666666666667,3.574448407979919,3.5071000000000008
93,93,Human,8.648137234880735,6.338699186991871,0.021739130434782608,1.859156907906908,9.059331959160065,7.3236297010921145,1.3510868397202471,3.435269149940752,0.34368620689655177,5.011514481094126,7.4101
94,94,Human,7.6298220110433,0.7778655608904401,0.013452914798206279,1.5321374516687016,8.44763917468843,6.541986664039598,1.9476284460817455,3.169982042037269,0.24605806451612905,5.801490721022208,4.0926
384,0,GPT-2 (tag),8.841846274778883,6.286939423546652,0.01634877384196185,1.9386511658276362,7.93664640535728,6.510727374562499,1.5687238785746118,3.0285332994030374,0.40981249999999997,4.619557559532197,7.1735999999999995
385,1,GPT-2 (tag),7.285733465282437,3.7413262892288266,0.005305039787798408,1.7420217830722033,8.01998012330934,6.917027216756927,1.5931829316065107,3.1695622780583705,0.3469617647058824,8.359339569160998,8.7279
388,4,GPT-2 (tag),6.816661863887846,5.524666666666668,0.020338983050847456,1.7863629426129426,8.140817927282074,6.877856485871922,2.154806652413068,3.10270646537841,0.2702518518518519,6.3110188548694,4.3043
389,5,GPT-2 (tag),9.592334608150937,6.33800518134715,0.004914004914004914,2.2249505676907955,7.405481211058059,6.372791895109568,1.6927321788440515,2.9640589517727554,0.5929166666666666,5.401199423062325,10.0763
390,6,GPT-2 (tag),7.11905507035037,1.8747297943567673,0.022292993630573247,1.4974451876625792,7.663729438633905,6.543890490954845,1.7950465406716969,3.1705693002297184,0.18381333333333333,3.7436524100475213,4.8944
393,9,GPT-2 (tag),7.168621630094336,3.1935416666666683,0.00411522633744856,2.146677028204376,7.7990727661269466,6.66534402115643,1.6988403616860275,3.304967720792826,0.4773529411764705,6.062303899596591,5.3951
394,10,GPT-2 (tag),5.7502877580894305,2.6798861336032367,0.004629629629629629,2.005334558652636,7.499601301739237,6.336460695420352,1.6950718773952962,3.205219874469365,0.5193888888888888,3.4544043748152524,6.5887
397,13,GPT-2 (tag),5.900188976854958,2.3792699313227814,0.007444168734491315,1.9328979243301494,8.131665253671127,6.603491537045362,2.016886643342201,2.8467722056388607,0.38030555555555556,6.697485568926719,8.398700000000002
398,14,GPT-2 (tag),6.522977012572876,3.430512079831935,0.004424778761061947,1.4567658276125095,7.481023398126771,6.592160378608403,1.8055599813657845,3.3207976532599757,0.3105875,4.448349943307274,6.8363000000000005
402,18,GPT-2 (tag),7.675431598112922,4.792248289345061,0.005797101449275362,2.0231368147837285,8.407798645350704,7.174509489243008,1.74436943786472,3.2718078064860427,0.2951483870967742,4.258202634150883,5.7498000000000005
403,19,GPT-2 (tag),6.42735559955562,1.3047000618429223,0.0,1.7163596384184618,7.899760280556704,6.682383115691794,2.120971727054022,3.301138920048094,0.16553333333333334,3.083673997412678,3.2756
406,22,GPT-2 (tag),6.18269132825596,7.661071428571432,0.0,2.8356154865046794,7.47610273285065,6.643250543651824,1.6098466473286919,3.5980920662849534,0.4006833333333333,1.8346306471306468,3.2542000000000004
407,23,GPT-2 (tag),7.0983637204850245,4.284807499163044,0.0,1.946320650072899,8.148331834424885,6.7377722144536145,1.914852771864652,2.9039238292339293,0.32674827586206895,5.68019422131639,6.3518
411,27,GPT-2 (tag),7.423996415210883,4.90316735487005,0.00273224043715847,2.133429843738768,7.53911513438523,6.320007070434156,1.6469047198439484,3.014206228246879,0.5202272727272728,6.069364161849712,7.1036
414,30,GPT-2 (tag),7.921354282810033,4.833990768884384,0.011940298507462687,1.8353730637554166,8.10273895398931,6.517461229850555,1.7282713579207916,3.0546397624262376,0.20503448275862068,2.3430665563305353,4.126
416,32,GPT-2 (tag),8.28583001469385,4.6736012608353015,0.0,2.1069707505437356,7.519312178964916,6.312146216658544,1.7148826270947835,2.88316362964954,0.5548576923076922,7.516438284791328,9.2265
418,34,GPT-2 (tag),6.280692351149826,5.838493913043479,0.0,2.365318780818848,7.800268875837829,6.693488741518075,2.288656359119969,3.18060360769048,0.2782909090909091,3.2422814171476997,3.0612000000000004
419,35,GPT-2 (tag),6.6274283507984215,3.194250000000004,0.011764705882352941,1.7055516980439582,8.213300928499486,6.521966844639246,1.7466682848156414,3.5786286605387785,0.107275,2.7963506028022156,0.8582000000000001
420,36,GPT-2 (tag),5.565023196281405,3.4253767244428737,0.022813688212927757,1.7180292374103114,7.917114788904066,6.221550771736866,2.073287868348843,2.887595684930267,0.3272833333333333,3.2634509119614443,5.4087
424,40,GPT-2 (tag),6.532088108194934,2.7293159522757406,0.00273224043715847,1.807301358106585,7.963983250267763,6.588271489241322,1.6513678945037387,3.336798739752519,0.2619322580645161,6.606916192026037,6.2539
437,53,GPT-2 (tag),6.996647511020388,4.339333333333332,0.012698412698412698,1.8205784139607668,7.746466559288058,6.766172601507571,1.6805987543823289,3.216951438234341,0.3347846153846153,3.3063891210210437,5.4270000000000005
440,56,GPT-2 (tag),9.642632912329528,5.5027431906614765,0.003816793893129771,2.052687601356332,8.067110279744435,6.86820464418745,1.6181289391290645,3.5049294876611548,0.5046263157894737,3.8066859888037485,7.1713
443,59,GPT-2 (tag),6.742157984588678,5.180349726775955,0.022727272727272728,1.7707808620154664,8.192484580130454,6.693756899664734,1.701104508443328,3.21926454643478,0.2503096774193548,3.2768581081081076,4.5047
447,63,GPT-2 (tag),7.748469712250962,4.087499999999999,0.013201320132013201,1.663636074667388,8.275480950876208,6.510529622145079,1.8311341792996103,3.084900310053503,0.24262580645161283,4.071343509797552,4.1037
449,65,GPT-2 (tag),8.548686976883017,3.522981651376149,0.013574660633484163,1.8760961538461536,7.473778712769435,6.312659487896053,1.5185364675144866,3.683749401604186,0.2368,3.574197648554179,4.066
451,67,GPT-2 (tag),8.124751697461797,5.10075630252101,0.0136986301369863,1.8820203983974038,8.10665895543564,6.7252609233845675,1.560997039704339,2.983226528983875,0.24003750000000001,4.919116234390011,5.486
464,80,GPT-2 (tag),7.273561745256522,5.43844619010212,0.0,2.287864990672234,7.20171392181493,6.372213733489611,1.9484992198305933,3.2730281780971238,0.26687222222222223,3.3907672760640932,3.2767999999999997
465,81,GPT-2 (tag),6.714681859716394,3.12481240981241,0.005249343832020997,1.7946665197793017,7.535505126248667,6.579228901785288,1.9206301631219922,3.0706181086045015,0.1671058823529412,3.651648563532361,4.1822
471,87,GPT-2 (tag),8.548686976883017,7.8726404494382045,0.04201680672268908,2.072501556052651,8.631998168887819,7.337523506964931,1.4042737623713006,3.661339430009346,0.4683454545454546,7.939281861611959,7.125000000000002
473,89,GPT-2 (tag),7.225922671290521,3.4258301158301165,0.008928571428571428,1.7183065509988584,8.473710693574745,6.919531755424621,1.6499873690428162,3.2474576986830237,0.23682631578947366,4.474642004773269,4.940099999999999
476,92,GPT-2 (tag),7.447530270364452,2.2127472527472527,0.0,1.3763071895424837,8.348405495010503,6.22869966597259,1.9534633213043258,3.5594677641866523,0.35339375,3.332331447430458,3.3615000000000004
478,94,GPT-2 (tag),10.577609850970193,7.358243243243244,0.0033222591362126247,1.9695344604069005,8.666463402848066,6.921217285140728,2.112463158413174,3.170245348336184,0.43674500000000005,3.724745213423735,5.597700000000001
481,1,GPT-2,6.7702755914127515,3.5190833333333345,0.0027247956403269754,1.7331198304987558,7.999503620575295,6.559901820271473,1.7304203032295395,3.0031844702452823,0.3073970588235294,5.71307532524325,8.666
486,6,GPT-2,7.554174236665414,3.0293779904306177,0.01909307875894988,1.5710170781599355,8.013746665202033,7.058370201376293,1.973769709686045,3.329404401068092,0.21579024390243898,5.263489797132487,5.6257
493,13,GPT-2,9.085049710711278,5.703204647676159,0.011428571428571429,1.8808573252273195,8.11578832994737,6.888754703647124,1.543776473315625,3.2369648394756485,0.2258260869565218,4.156197487396977,4.0189
494,14,GPT-2,5.900188976854958,1.2257040998217477,0.009569377990430622,1.348822947078761,7.203647986430962,5.579833797348201,3.2775080527490545,3.1086564474121605,0.21412857142857142,3.8937524353812174,5.8599
497,17,GPT-2,7.372421405659032,6.0276766749705,0.04,1.6165811172954028,8.814023106077558,6.883666256452071,2.0042608733864076,3.2122785334370816,0.27307941176470585,5.973172928461143,6.685300000000001
498,18,GPT-2,11.418023490513043,10.58434429303663,0.004705882352941176,2.137193564446999,7.686063746244682,6.894148913598648,1.519639900079473,3.3178947577405644,0.4946944444444445,5.182458386683739,7.2351
499,19,GPT-2,6.112484441749459,1.6933838383838378,0.01529051987767584,1.8321537213590318,8.255027601082325,6.943729329160748,1.8863082085081049,3.1810023925239896,0.1631090909090909,5.277058823529412,3.3273
503,23,GPT-2,5.5874745759252304,2.3776449756529416,0.0038461538461538464,1.8601146384479716,7.470736277029137,5.7503217852771815,1.8590181489090443,2.740361297154573,0.45554999999999995,5.319455672325519,7.7283
506,26,GPT-2,8.384062270229773,4.1356324786324805,0.003663003663003663,1.7307396307396306,7.937771573767667,6.562888520760743,1.57427903259655,3.2810512503413287,0.2739576923076923,2.5334874622087855,4.599599999999999
507,27,GPT-2,8.192908349453996,3.6493257676902573,0.012461059190031152,1.7991950052578303,8.103559924390346,6.944474268202513,1.512836728109389,3.3099610562619985,0.29008333333333336,3.1100350225144737,5.4476
510,30,GPT-2,9.773937934552698,8.045649919542285,0.002976190476190476,2.103610169195239,7.800420331247013,6.741754340419744,1.4660286100102788,3.294658663209535,0.4840555555555555,3.397675869599126,5.958499999999999
512,32,GPT-2,7.087006719466743,4.329628571428572,0.011049723756906077,2.1609621692721994,7.810379094144168,6.520133505176585,1.6489514224727664,3.0217542374772597,0.3771846153846154,5.236157830103049,6.1022
514,34,GPT-2,5.642373280135919,3.1490177055542077,0.012224938875305624,2.0541338789367525,7.923149957389743,6.5440418735753125,2.1483806838218773,2.849567099306248,0.4029,4.283671159584319,9.280999999999999
515,35,GPT-2,6.0311780096671335,3.315026881720428,0.013774104683195593,1.858685635238944,8.865172879335244,7.069329175924168,1.8848710661586867,3.174843717647144,0.1499451612903226,5.144770337576093,2.8758999999999997
516,36,GPT-2,8.278499904357787,4.406208333333332,0.002702702702702703,1.8140531925782792,8.134920761576272,6.689184486182977,1.557509966083705,3.0625539772977786,0.2724060606060606,5.0434245960502695,5.9413
520,40,GPT-2,8.769984970463412,4.130800283286121,0.011204481792717087,1.6213599202729638,7.977768923117799,6.79914830714487,1.6959139881753802,3.1483770278733916,0.2895466666666667,6.2408276654852,7.871700000000001
524,44,GPT-2,6.42735559955562,1.4314728682170532,0.018691588785046728,1.443924565018315,8.314816155004754,6.774999938349957,1.9321726057077453,3.0905582212615665,0.11742127659574468,3.8985589149477247,4.1202000000000005
529,49,GPT-2,5.82211442006289,2.7762414717348953,0.0031446540880503146,1.8313616277901992,7.574828040846052,6.415790210199087,1.8753196739848954,3.0236989508670655,0.2850814814814815,5.8524939172749395,6.657500000000001
531,51,GPT-2,8.764118213836603,4.936388140161728,0.013297872340425532,1.6880648660979545,8.158318667795925,6.739313292929286,1.4112778951076888,3.0641844927791246,0.2592358974358974,5.141738290189696,7.275399999999999
533,53,GPT-2,6.980632752743321,6.783773216031278,0.0033783783783783786,1.9457145209862603,8.14394413598132,6.875626823873724,2.360905269934562,3.176685432458074,0.36374545454545454,4.294054518136939,5.5788
536,56,GPT-2,7.873277556716777,4.557640578051224,0.012096774193548387,1.6502372206917661,7.794257520392717,6.451925364179915,2.1264203176093264,3.064744532952581,0.20793125,3.342442356959863,5.6998
542,62,GPT-2,6.124889420169582,1.5770663265306126,0.0025188916876574307,1.7825028112330839,7.585233653666243,6.523912988034332,1.7671721357365104,2.9778806897812324,0.37669500000000006,6.484399879502518,12.1446
543,63,GPT-2,8.139509932561175,4.652123917038594,0.01020408163265306,1.7002053734132585,8.020715539185504,6.772925850790725,1.7039159948352693,3.331505217623925,0.31672307692307694,3.6206472036581077,5.0698
545,65,GPT-2,8.212053250817874,5.319798850574713,0.007380073800738007,1.323727885517183,8.676106412010654,6.357755677733536,1.6592347243746062,3.2991207543435066,0.16634736842105266,4.151310172719512,4.2904
549,69,GPT-2,7.423996415210883,5.050759285080492,0.0,1.8648017155740266,7.881735762230783,6.224820729842016,1.8554009146565116,2.971898007131541,0.3629652173913044,4.931592627599243,6.8616
560,80,GPT-2,7.242747475848599,3.630808794660382,0.0,1.6476703575256708,7.806975230940183,6.295088792376306,1.7340778528897722,3.048477418889346,0.13208,4.787820202996616,1.9812
561,81,GPT-2,7.225922671290521,2.7295570321151743,0.002544529262086514,1.8093386445487287,7.757358370369181,6.62610429671539,1.9347136921202575,2.782604242429245,0.4045941176470588,8.05586788475053,11.4093
567,87,GPT-2,9.20300075937882,6.002555358008728,0.010752688172043012,1.757350429064312,8.031965918051386,6.601306062217429,1.7553205952713662,3.3337184636217776,0.2881740740740741,2.568565958008715,5.508400000000001
569,89,GPT-2,6.322622252153568,2.1897756968641104,0.013513513513513514,1.7238445378151261,8.269177073086764,6.421584577062086,1.6103609091911042,3.1826210238641575,0.3536303030303031,5.210895289127037,9.492600000000001
571,91,GPT-2,7.048011613610866,2.3357449147883464,0.012461059190031152,1.4465975143277774,8.365872651825644,6.568847653518112,1.6005488420721976,3.0733621063879855,0.2828205128205128,5.306966897613549,6.6636
573,93,GPT-2,6.596605473755783,2.008238193671488,0.015060240963855422,1.6463899399029684,7.722130249667848,6.678719312399427,1.8169840645154978,3.176011786611239,0.2756263157894736,5.705616386119735,7.559400000000001
574,94,GPT-2,8.648137234880735,5.906401826484018,0.005376344086021506,1.8145143163849204,8.23185207026182,6.7913183828987265,1.5323786208471097,3.1567256611460373,0.3770566666666666,5.939147327522839,8.8199
1100,0,Qwen2.5-7B,8.648137234880735,6.444098360655737,0.032432432432432434,2.002496762496763,9.215204189817374,7.070206292630871,1.3693859528555312,3.701782281916504,0.3460357142857143,2.358798325055994,3.7368
1101,1,Qwen2.5-7B,8.021203637495837,8.04722443559097,0.0,2.044225902035944,8.4343474513031,6.7434465538729285,1.3962233396991799,3.2975944152922194,0.5696428571428571,3.0064842041770343,5.1385000000000005
1102,4,Qwen2.5-7B,7.957251820313856,6.108395303326812,0.0136986301369863,1.6668212739641308,8.936843885281386,7.036189559615767,1.3820170747211844,3.970351247276495,0.32643333333333335,1.4495263469508586,1.1073
1103,5,Qwen2.5-7B,10.37721332894763,8.374364858138378,0.02610441767068273,1.7370304423115426,9.024341466543326,7.076591062058896,1.7401565846630072,2.6179493587054936,0.3454,6.274428625744581,11.038799999999998
1104,6,Qwen2.5-7B,11.661520659325951,11.178504091653025,0.04219409282700422,2.124832336037385,9.684424238273921,7.411822089701606,1.4905650963701331,3.5885157607192557,0.17274166666666665,2.977449008905487,1.8372
1105,9,Qwen2.5-7B,10.125756701596842,6.636999999999997,0.022222222222222223,2.091666666666667,9.582317946087477,7.267630916765878,1.2689781868592258,4.283598506041815,0.22126,1.0,1.6520000000000001
1106,10,Qwen2.5-7B,11.698219412168324,14.321938775510198,0.050505050505050504,2.1911538461538465,9.093990126888496,7.538864313365867,1.1458506258253027,4.513794358786796,0.5072,1.2709655863681923,1.4510999999999998
1107,13,Qwen2.5-7B,10.008157457239328,10.420068493150687,0.024390243902439025,2.0639081180257652,9.159665090602072,6.926798362420189,1.4270511021337804,3.261203356636875,0.5414578947368422,5.496447080194477,6.2628
1108,14,Qwen2.5-7B,9.725611199111238,8.278193105463046,0.03625377643504532,1.991051792183698,8.609071199830739,7.101652584634896,1.5522227385121496,3.230155008774729,0.24378000000000002,3.960360653074486,3.2756000000000003
1109,17,Qwen2.5-7B,6.6274283507984215,5.945572289156626,0.07058823529411765,1.7878314393939394,8.882002169858328,7.020408726908826,1.1885564854444912,4.335989233716457,0.29957142857142854,1.3933554817275748,1.5902999999999998
1110,18,Qwen2.5-7B,12.009924989830619,11.097009803921573,0.025380710659898477,2.0225021326092016,9.113164533531167,7.18887403401948,1.4853403471915214,3.122815589064707,0.30028695652173915,8.920950658744509,5.872399999999999
1111,19,Qwen2.5-7B,10.451354775682146,7.527845774914741,0.015665796344647518,1.9306041268488747,8.915740999413844,6.8809608127949335,1.692302632703773,2.9220749603737897,0.3305925925925926,3.7649738484899613,7.0115
1112,22,Qwen2.5-7B,8.841846274778883,8.03125,0.04716981132075472,1.9077876984126985,9.814764096038509,7.578722865724596,1.2850170741729257,4.365680130431992,0.3274142857142857,2.371830694401324,1.5179
1113,23,Qwen2.5-7B,13.76565470535455,13.085666666666668,0.016129032258064516,2.2177128978486738,8.934505315647895,7.1651001310029,1.4122605231010619,3.4311445836539285,0.38609999999999994,2.9789577049870237,5.1218
1114,26,Qwen2.5-7B,13.023866798666859,13.151650485436896,0.009615384615384616,2.1913949843260188,9.79088964059667,7.542971420193813,1.2258578527792368,4.415851081000822,0.22762500000000002,1.6361185983827495,1.5465
1115,27,Qwen2.5-7B,12.540900571622839,11.829408866995074,0.019417475728155338,2.004236822934302,9.792964616439736,7.078567853874355,1.3416603729879897,3.5610052125168075,0.375376923076923,2.272998276584843,5.199
1116,30,Qwen2.5-7B,10.668919840407757,7.971653617287814,0.007281553398058253,1.8435900839869432,8.628638619316675,6.838743666730857,1.5642412352922033,2.864840015452169,0.22563333333333332,4.827069813877203,6.310300000000002
1117,32,Qwen2.5-7B,7.534196372845214,5.596235753826118,0.007936507936507936,2.0286641207996707,8.247190039665288,6.778182855629862,1.5942336303904032,2.761140233063146,0.32206111111111113,5.996483061805018,6.7493
1118,34,Qwen2.5-7B,7.635375032292933,6.272619357638892,0.01972386587771203,1.8116213545498554,8.585573009680907,6.880730529968484,1.6393028233349536,2.726128396951713,0.4502318181818181,9.26576239476146,13.8467
1119,35,Qwen2.5-7B,9.162432508145574,7.77399358974359,0.021917808219178082,2.1113650119844873,8.885039843711768,6.969790666162387,1.5955331069731546,3.153134611110463,0.42923043478260875,3.7291957843840917,7.7966
1120,36,Qwen2.5-7B,10.843485225782072,9.465301659125188,0.03418803418803419,1.9598793507530534,9.48153132691652,7.236053713824785,1.3923156483284131,3.6736283573458026,0.357475,3.762399684252072,4.6566
1121,40,Qwen2.5-7B,10.30751831280988,10.359489301889742,0.050595238095238096,1.9191382448865746,8.890058174409582,7.477152358957168,1.420904353332177,3.466266389146654,0.45563888888888887,3.769244910152121,7.2629
1122,44,Qwen2.5-7B,9.725611199111238,10.44675287356322,0.034482758620689655,2.12952847805789,8.790808428340894,7.655370132894039,1.3863173187879247,4.352733024831257,0.28518,1.1682916837361736,1.133
1123,49,Qwen2.5-7B,9.3871,9.352676056338026,0.02097902097902098,1.9626974836757447,8.585348770085709,6.967853681661674,1.4817699485159856,3.9052812799549046,0.26807777777777775,1.2543280478294774,2.0496
1124,51,Qwen2.5-7B,11.389717465364857,10.390279801499318,0.01576182136602452,2.161776488592719,8.979427153909082,6.820786512729563,1.5930092468136974,2.5338633546594806,0.4091709677419355,6.000993518474714,12.2735
1125,53,Qwen2.5-7B,8.97023862654752,7.760781571369808,0.030434782608695653,1.6876935453138662,9.05437881984638,7.395834436445731,1.3880595169848275,3.7029253195477487,0.1894190476190476,3.147989870212092,3.2146
1126,56,Qwen2.5-7B,11.525088041916213,9.273396226415095,0.023936170212765957,1.947911927499609,9.23611293065557,7.359846127161008,1.5421377082999008,3.2416231573729095,0.4731782608695653,4.5090735830295,7.199299999999999
1127,59,Qwen2.5-7B,9.3871,8.707506297229223,0.017456359102244388,2.0843949915008735,8.577510503201934,7.025909388525481,1.5398969700937317,3.1635427738559074,0.5036708333333334,7.668654443951026,9.3469
1128,62,Qwen2.5-7B,7.717688229018144,6.995368663594469,0.014141414141414142,2.092184474735267,8.517522026325075,6.96380483757764,1.6682294058986549,2.9636389864801345,0.4759103448275861,4.732665797956244,12.071800000000001
1129,63,Qwen2.5-7B,8.626192665926032,6.3716390858944045,0.012345679012345678,1.650898238083112,8.322737489677362,6.974283356683626,1.7379535097046266,3.224100453205585,0.35736296296296294,4.77521528258933,6.737800000000001
1130,65,Qwen2.5-7B,10.595843684498618,9.522604166666667,0.027607361963190184,1.9894481693988275,9.121436008562474,7.41135868232485,1.4426978210827794,3.4303678951199346,0.3876521739130435,7.070578905630454,6.648000000000001
1131,67,Qwen2.5-7B,10.608840637214634,9.381731601731602,0.041916167664670656,1.9901759235838519,8.79770544459673,7.024731565230427,1.5808871794385888,2.618344455548189,0.51161875,5.88490294751977,12.1869
1132,69,Qwen2.5-7B,11.45678717892309,8.93523291925466,0.006172839506172839,2.101750268229101,8.176750145403869,7.12115096309893,1.2408064097770266,4.012448151243958,0.37029999999999996,2.0703674121405755,4.7631
1133,80,Qwen2.5-7B,10.082433333333334,9.635852571017622,0.011516314779270634,2.114663620448454,8.276700334520033,6.7874862271583245,1.5982989717093288,2.828786816466561,0.41559999999999997,5.672945672945672,8.8326
1134,81,Qwen2.5-7B,8.939507131559953,7.748884046987492,0.03234501347708895,1.856886091450443,9.083324959572684,7.194685624151382,1.510171998641518,3.1378443326627736,0.5564555555555555,6.623302768471168,9.2684
1135,87,Qwen2.5-7B,10.290406445055957,10.162436034115139,0.01858736059479554,1.945044137549618,8.832831813280867,7.0895431019341295,1.471846078848183,3.617236610658981,0.6960384615384616,5.858150977599379,5.304399999999999
1136,89,Qwen2.5-7B,11.051253699011982,8.794934333958722,0.016042780748663103,1.9835869130869128,9.061695037170377,7.1144007932518205,1.5710066591643779,3.122627348116498,0.2753083333333333,3.549312419424151,5.3024000000000004
1137,91,Qwen2.5-7B,8.841846274778883,10.168118811881186,0.009708737864077669,2.151851851851852,8.513949258207072,6.8351767058505555,1.1358072625189601,4.3038672825380555,0.489475,1.6575516423975618,1.8607
1138,92,Qwen2.5-7B,9.516144504307135,8.300870646766167,0.028985507246376812,1.8987109038192633,8.84843300760864,7.13834644200454,1.3620773311351173,3.8296946380727785,0.059199999999999996,2.0,0.296
1139,93,Qwen2.5-7B,10.62613485830676,10.858819444444443,0.05519480519480519,1.8417397371258741,9.317570672083539,7.40825603692002,1.5050559232890823,3.4173236504202227,0.3255882352941177,2.7877109040543946,4.9945
1140,94,Qwen2.5-7B,12.766815935922704,10.78790031397174,0.009950248756218905,1.85692743636292,8.96267689039705,7.580541209361411,1.2776115133847818,4.0534980702084615,0.4184083333333333,4.084689228766678,4.274100000000001
1141,0,gemma-2,7.793537801064561,5.187519493177387,0.06986899563318777,1.6803951918331006,8.968324643964321,7.191590572747639,1.3802779727849617,3.7463177233316878,0.3626307692307692,5.409915079182923,7.031400000000001
1142,1,gemma-2,7.908726449838941,5.621114942528738,0.033112582781456956,1.7549693362193362,8.422722866389398,6.818940960882333,1.6465311232234687,3.278166048903355,0.4359225806451613,7.748179576859125,9.3589
1143,4,gemma-2,10.355215969177355,7.277454545454546,0.07272727272727272,1.9257245532245535,8.94551901757119,7.134481434071797,1.3470908208152328,4.168142945875218,0.4024,2.5809578107183584,2.532
1144,5,gemma-2,9.063066167217691,6.692026150972424,0.028513238289205704,1.8901366297734636,8.776695586835675,7.196727930180773,1.5694209251671607,2.8154033706090242,0.4977324324324323,6.826339980725035,12.795200000000001
1145,6,gemma-2,8.841846274778883,6.853618030842231,0.04195804195804196,1.6751369598143793,9.147978175916101,7.249271280861022,1.5174409605515033,3.3489184425825247,0.2752266666666667,3.4065516956844624,5.0298
1146,9,gemma-2,8.07648339933343,4.924772727272728,0.06716417910447761,1.6336438923395444,9.267621040790747,7.357224793138375,1.3558199682701875,4.187723710487762,0.30890625,2.3472004559054,3.2584
1147,10,gemma-2,10.25414643259724,9.329841269841268,0.045454545454545456,2.08364250272145,9.230296671310196,7.461062630964809,1.3069882101858874,4.298741160710974,0.4787874999999999,3.153288877912241,3.5346
1148,13,gemma-2,8.726425361277474,6.425145631067959,0.04472843450479233,1.8665458230610648,8.803357104515655,7.183052435302566,1.5051229079200732,3.4411356522898693,0.21515200000000004,3.6343243243243246,3.4873
1149,14,gemma-2,7.526774132740826,5.859401021711371,0.05460750853242321,1.9267084767084768,8.770265437191577,6.984076516576127,1.6103803645825143,3.3325969915109237,0.2429269230769231,3.1702554836119057,4.6702
1150,17,gemma-2,8.841846274778883,6.989213333333332,0.046153846153846156,1.9539438712363613,8.756495269824063,7.562333362946158,1.2450332248455536,4.3814774149851345,0.40082000000000007,3.096809085992428,4.6582
1151,18,gemma-2,11.368139846972461,9.537044776119401,0.02932551319648094,1.9647063131227218,9.185738091725984,7.280942875057142,1.4227616193982198,3.4106819967558857,0.5284166666666666,7.275543571797373,7.705500000000001
1152,19,gemma-2,8.222332236545338,6.308081121229733,0.03482587064676617,1.6431527783005921,8.937642923135998,7.0849737508200095,1.5725276548725093,3.1336353286218337,0.2770675,7.963426025723934,7.022399999999999
1153,22,gemma-2,8.447377352677275,6.405440860215052,0.057692307692307696,1.7450571845308684,9.120834224793548,7.377350190450033,1.4862065416832582,3.9995011815442076,0.18658571428571433,1.7557467401532467,1.4341000000000004
1154,23,gemma-2,9.75724932402239,9.683281772575253,0.040106951871657755,1.9134669588068174,9.003750397793961,7.1237779531866225,1.4315668680779055,3.2215314832160447,0.530864,3.937692855447425,9.6326
1155,26,gemma-2,9.236282656511921,5.804364532019704,0.034013605442176874,1.661494645705172,8.61816565113475,7.348761768931481,1.3153318558985272,4.250302625569136,0.2479230769230769,2.613949716139497,1.8846999999999998
1156,27,gemma-2,9.971965246562196,6.2313881422924915,0.014234875444839857,1.836215202103949,8.951719009444188,7.155505422365671,1.443772643874092,3.671251840710774,0.41458636363636364,5.699850018747657,5.1633
1157,30,gemma-2,10.23097548852734,8.514228329809725,0.029154518950437316,2.0833239807260533,8.529898408323087,7.186678715591986,1.3301785208176504,3.524208989716138,0.46323636363636356,3.2290485092360823,6.677900000000001
1158,32,gemma-2,7.928766900206845,5.257751047648611,0.015665796344647518,1.8354746642246644,8.404415694202967,6.94018052291357,1.7524244976574683,3.1164199116624607,0.20466666666666666,4.6048953432876525,3.7382000000000004
1159,34,gemma-2,8.058908269544373,6.120125897016237,0.04263565891472868,1.7148016857694277,8.941406325540612,6.992684439050053,1.8238894240628114,2.837690809710543,0.3431148936170213,8.718386765421418,11.627500000000001
1160,35,gemma-2,10.608840637214634,7.954458874458872,0.02666666666666667,1.9406482896188777,8.898405988225566,7.068367690890666,1.4853078353002633,3.5328356741655758,0.5522315789473685,5.185273041759331,7.013599999999999
1161,36,gemma-2,8.97023862654752,7.177542087542086,0.04918032786885246,1.749871129492978,9.227891168278697,7.36350496838748,1.4409159127680204,3.610587174951041,0.36367499999999997,4.359043509528947,4.4529
1162,40,gemma-2,8.748949900417786,7.806476426799005,0.056847545219638244,1.8622066105937074,9.13078288131468,7.587098096590168,1.5492738276840405,3.317571470331239,0.32532666666666665,7.181604120676966,8.1768
1163,44,gemma-2,10.451354775682146,9.443236607142858,0.03608247422680412,1.9267638637469466,9.46683979958222,7.225512828945336,1.7467282616961746,3.811659682381812,0.25043076923076923,1.6614442459811176,2.35
1164,49,gemma-2,8.124751697461797,5.944699488491047,0.041666666666666664,1.8537420738067252,8.885935286779286,6.956302676814063,1.4969644627452088,3.8684128676865686,0.293475,3.558890404729422,2.8733
1165,51,gemma-2,9.919927493279317,7.611300050139672,0.03278688524590164,1.7886730845793304,9.069079083307654,7.160380108007423,1.7221853057159653,2.57915081914429,0.5470319148936169,8.088369459212885,20.2624
1166,53,gemma-2,11.06762744097005,8.967037665782492,0.03374233128834356,1.8950083328886576,9.26350203263681,7.327630047772896,1.3924211458582672,3.4698756318485673,0.41896071428571435,5.545738193164091,8.0076
1167,56,gemma-2,11.027918880432843,8.58672116119175,0.03316326530612245,1.8715404219927245,9.17820866035333,7.389486488150536,1.7035140928447645,3.235956977972679,0.5129516129032258,6.923629555449123,10.246299999999998
1168,59,gemma-2,8.641336200584522,8.085498084291185,0.027210884353741496,1.9071003115951966,9.129833775959469,7.227067700719732,1.626306643020279,3.0962313525738847,0.34026206896551725,3.9527319339849387,8.4267
1169,62,gemma-2,8.433251757073789,8.270296170932937,0.03406813627254509,1.975327212302714,8.868573898414093,7.075327533990011,1.740736511774314,2.954157134230109,0.3772551724137932,4.007178961248261,10.351099999999999
1170,63,gemma-2,8.567472430010655,6.278398584905663,0.018050541516245487,1.716017231926323,9.001661569991178,7.1842815190643625,1.5789158191217003,3.374136363601309,0.361309375,6.572622363708713,6.843
1171,65,gemma-2,10.504223727775692,9.571929530201341,0.07308970099667775,1.7504111182934714,9.580790483360522,7.523637101878099,1.4849608148389537,3.484210547959467,0.29387083333333336,2.8429941954208324,4.1177
1172,67,gemma-2,8.290611406555254,6.408886934083981,0.024344569288389514,1.6808250049869502,8.889018452518657,6.867037142848098,1.8078543509408558,2.558355456584434,0.3980018518518517,6.910865301135083,13.7999
1173,69,gemma-2,10.504223727775692,11.903855555555559,0.04,2.2320908136697613,9.515293766634148,7.498605366614883,1.4674324396359515,4.142729098806843,0.5231874999999999,1.8076790187440612,4.6895
1174,80,gemma-2,10.23097548852734,9.027610565110564,0.041758241758241756,1.9248004369491951,9.131879344571477,7.279687412929634,1.5829904553710725,2.9727589331374817,0.20143225806451612,4.11628213579433,3.8466
1175,81,gemma-2,8.841846274778883,6.619959225280326,0.04044943820224719,1.8754871625956508,8.827317441766652,7.429590221041167,1.6793922083030137,3.1602777498815766,0.3824342857142857,4.991869918699188,8.991
1176,87,gemma-2,8.841846274778883,7.768563432835823,0.04950495049504951,1.7700308463466359,8.719746972301119,7.2918559458848575,1.3744182890257433,4.071247170047436,0.28323333333333334,2.62885960027226,2.3562
1177,89,gemma-2,10.33465798735191,9.988336018411964,0.045112781954887216,2.0709479554156895,9.105198813483979,7.221882154122136,1.457650746657995,3.178565794911763,0.42392380952380954,3.5415522934319927,8.8488
1178,91,gemma-2,8.418075326091056,8.21689512799339,0.040229885057471264,1.8343962585034017,9.692208350002447,7.027245040494523,1.379117109771253,3.9630033419975033,0.2112461538461539,1.9150627615062763,1.7051000000000003
1179,92,gemma-2,10.047579312681364,8.601060606060607,0.01485148514851485,1.961919931919932,8.798445657061867,6.875180501695821,1.363287852280401,3.856164262782782,0.33454285714285714,3.130957951734742,2.5681
1180,93,gemma-2,8.460557738077197,7.117059804276913,0.042316258351893093,1.9985145735972292,8.888925717311773,7.456362477534802,1.6978224308978307,3.0675045627855644,0.4803714285714286,4.67823727870335,9.7551
1181,94,gemma-2,11.20814326018867,11.414315789473683,0.06046511627906977,1.7936825079682226,9.887763841171587,7.574899667656744,1.4433721358457834,3.80957928126067,0.10125000000000002,1.3475743661409465,1.8922999999999999
1182,0,Falcon3-7B,10.270032843473604,9.248564814814813,0.024390243902439025,1.9108086870881955,8.89887934166081,7.248602957732587,1.3779102353314663,3.768276761494603,0.24085333333333336,2.0194522079373955,4.4017
1183,1,Falcon3-7B,11.39826440760492,9.351113801452783,0.011267605633802818,2.120487477286676,8.541298972104304,7.2582201665716255,1.53506308494608,3.406501677161181,0.5936789473684211,3.777215952851355,7.4084
1184,4,Falcon3-7B,11.022393298168332,9.560486803519062,0.03870967741935484,1.989592352092352,8.753248459920535,7.261925716437899,1.4145716542123228,4.024970913299562,0.35740999999999995,2.4937901200111634,4.8509
1185,5,Falcon3-7B,11.384434051031349,9.944127771590566,0.02910958904109589,1.9926976894729072,8.936379820649886,7.117583675420318,1.636622715852216,2.6620435672103904,0.4739727272727273,5.409899003873824,12.461099999999998
1186,6,Falcon3-7B,10.168813456921066,8.621119184579676,0.024193548387096774,2.0850038956496757,9.042634027988553,7.25919655149989,1.6917360026718633,3.011037888566491,0.26799599999999996,3.916238017301847,8.759
1187,9,Falcon3-7B,10.018931242160765,9.392062937062935,0.01875,2.019659999990003,8.87313752936903,7.325631479412038,1.2518899605765865,4.153057511093615,0.20735,1.2880482047459314,2.5442
1188,10,Falcon3-7B,11.20814326018867,8.143482142857145,0.017857142857142856,1.92562358276644,9.258520089653327,7.2971996972290665,1.1886847997552359,4.3204028975395214,0.58705,2.8699584453678804,2.8061
1189,13,Falcon3-7B,13.126405980863044,11.69596254355401,0.027303754266211604,2.050324434249028,9.332921473882097,7.352779372104822,1.4570625363013896,3.58933622189097,0.5031066666666667,2.533096133190118,6.3178
1190,14,Falcon3-7B,10.96692322722173,10.508356736242881,0.031746031746031744,2.0733014555185267,8.897373512455417,7.0283455826357475,1.5108590520668503,3.3711008350250147,0.3861117647058824,6.543614794138173,5.2633
1191,17,Falcon3-7B,13.295006501635747,14.390510752688172,0.016129032258064516,2.1559320309320307,8.823550844458042,7.240780976573289,1.269049977248452,4.248547917790574,0.42262000000000005,1.3942333069411454,3.1330999999999998
1192,18,Falcon3-7B,15.021129683784007,14.724038461538463,0.02857142857142857,2.249412168635132,9.173855476240712,7.366474724794059,1.5276986767658045,3.4267131374206663,0.3384571428571429,3.944721944721944,4.2834
1193,19,Falcon3-7B,10.80991298281133,9.568078799249534,0.009732360097323601,2.0464432393764236,8.962140157485546,7.154620520954153,1.592677249933729,3.0365200697012185,0.3800478260869565,4.541067068419138,6.8993
1194,22,Falcon3-7B,10.686352973137792,10.958338926174498,0.052980132450331126,1.987892156862745,9.433805287211626,7.503819410886699,1.288679315306894,4.229297991787973,0.23185714285714284,1.4399787064146925,1.774
1195,23,Falcon3-7B,11.578365685549247,11.19535714285714,0.016556291390728478,2.16665351970822,8.744943832635396,7.088651919817831,1.4744882468101503,3.4055085413352844,0.37690666666666667,5.783142389525368,6.6244000000000005
1196,26,Falcon3-7B,14.554592549557764,13.140499999999996,0.024193548387096774,2.0324555074555075,8.67637594420078,7.301996648036079,1.2225184189920586,4.169237890993614,0.26130000000000003,1.3672038509836755,2.5845000000000002
1197,27,Falcon3-7B,13.596283718651353,12.821847879083379,0.03678929765886288,2.150124446491723,9.195331285943027,7.188402556481146,1.3419416092930818,3.4746447430872798,0.38487692307692306,5.299089176022029,5.7444
1198,30,Falcon3-7B,11.20814326018867,9.357943722943723,0.0199501246882793,2.027887543027751,9.227118293448717,6.949791678391429,1.4563255728292313,3.216918936413412,0.35559259259259257,4.164750791654014,5.593
1199,32,Falcon3-7B,10.371327730470783,9.011097478991598,0.02304147465437788,1.9718450307295186,8.577957354736322,7.064346075690088,1.6176384966652806,2.9625474254231365,0.37721481481481484,5.963346800163943,7.4605
1200,34,Falcon3-7B,10.793553405168563,10.831610337972165,0.013779527559055118,1.9565010463230277,8.78884791560108,7.248132862508718,1.7083585280838645,2.959541658892767,0.5777458333333333,7.468034685194162,11.3888
1201,35,Falcon3-7B,11.341690212594319,11.500934809348095,0.03690036900369004,2.169074753133577,8.986381471461337,7.275710982910433,1.38490421556739,3.5621124140050977,0.37497857142857144,2.811385422802977,3.0083000000000006
1202,36,Falcon3-7B,9.354420925462398,8.720491071428569,0.049107142857142856,1.8934155101434513,9.252254437505561,7.47440366375482,1.4461304098562995,3.748803008225622,0.3497866666666667,2.506832298136646,4.0201
1203,40,Falcon3-7B,13.023866798666859,12.577510623229465,0.025280898876404494,2.1599729177271367,8.921144427014818,7.484719141054718,1.369037382239007,3.6426047822160186,0.5684933333333333,3.2575925430721626,5.9514
1204,44,Falcon3-7B,11.341690212594319,11.079327610872674,0.029288702928870293,1.8073873860058072,9.195732528405198,7.386694427217606,1.5424217980005612,3.645216504532241,0.2948733333333333,4.427527527527527,4.9552
1205,49,Falcon3-7B,11.407655852321103,9.696442953020135,0.033112582781456956,1.8386263736263735,8.5831673009225,7.103251160571097,1.3517481546012016,4.067611315814403,0.10025555555555557,1.5203032855939347,1.1812999999999998
1206,51,Falcon3-7B,11.042684574060658,9.32772734060027,0.03429602888086643,1.907223044204889,8.881075178024169,7.304397808179417,1.7515591030083124,2.7246346580184078,0.3668657142857143,7.6126756388213686,12.194899999999999
1207,53,Falcon3-7B,12.484440550625713,11.841958041958044,0.021917808219178082,2.0049880899141317,8.951536883298196,7.204164176401237,1.504797411319704,3.278410779396521,0.3805142857142857,4.002404207362885,6.471600000000001
1208,56,Falcon3-7B,12.161744961471694,9.30551282051282,0.03803131991051454,2.00364815261367,8.809418389075914,7.197655050043874,1.5949925646482965,3.073207394513164,0.618025,5.341946039390011,12.121099999999998
1209,59,Falcon3-7B,9.592334608150937,9.293411214953274,0.03248259860788863,1.9049934074346107,8.807128643397421,7.143933122683682,1.6256891684865074,3.1422875670235437,0.35309166666666664,4.48465283657917,5.6667000000000005
1210,62,Falcon3-7B,8.098718942377015,6.513036335090273,0.018292682926829267,1.8789765751453056,8.525411522275238,6.928182585090087,1.675088005238504,2.86152336522298,0.45467222222222226,5.513220384654249,11.010699999999998
1211,63,Falcon3-7B,10.813802987103665,9.959053356282269,0.03065134099616858,1.9131040450368182,9.10048840726367,7.390208090031988,1.5026489199037991,3.530238107505805,0.30324499999999993,3.678595256869047,7.5765
1212,65,Falcon3-7B,10.848893137575418,10.439309462915599,0.02544529262086514,1.901527853064063,8.791986941424828,7.352682417646054,1.434369378882912,3.3334422736449003,0.4237863636363636,4.293088363954506,6.9346000000000005
1213,67,Falcon3-7B,9.414487439383343,8.116281833616302,0.026871401151631478,1.9527435033202536,8.94463623303349,7.125911634024545,1.6415231123523084,2.8049541670149485,0.4115243243243244,6.707665198237888,13.1786
1214,69,Falcon3-7B,11.20814326018867,9.81712918660287,0.03317535545023697,1.9552577052577051,8.687272921339684,7.097902113603424,1.244636210752389,3.7125749839624387,0.47392,2.3959555106167842,5.5208
1215,80,Falcon3-7B,10.426177893888326,9.683556064073223,0.011461318051575931,2.234664121501425,8.556952219415603,7.164640080676321,1.5155924406567582,3.3523569787627996,0.456925,3.4964847673250756,5.827500000000001
1216,81,Falcon3-7B,10.793553405168563,9.164449685534592,0.009174311926605505,1.8906076896415784,8.757319111892347,7.18669866959495,1.48283401520512,3.1615997069392363,0.4741928571428571,4.9636995775543,9.1833
1217,87,Falcon3-7B,10.203070172399654,11.027058823529408,0.012779552715654952,1.9268875857250054,8.636630513928186,7.517267111481301,1.5339264371274501,3.574519503609816,0.32504285714285713,2.66101397579089,3.2565
1218,89,Falcon3-7B,10.436869588844216,7.975231168831169,0.0056179775280898875,1.9524913831204287,8.298712718192478,7.193763980234793,2.895448496063105,3.834267226843846,0.29377142857142857,7.152695652173913,4.8772
1219,91,Falcon3-7B,10.793553405168563,8.800000000000004,0.012738853503184714,1.834086583351289,9.153107287649075,7.357314176585402,1.2653378515527778,4.099349589296098,0.4148,2.420226904376013,3.0727
1220,92,Falcon3-7B,12.670367459663947,11.981485380116965,0.02564102564102564,1.9996143609798491,9.272911306820692,7.471853676486515,1.5707365317441324,3.602713923711675,0.07831111111111111,2.668180957789135,0.9311
1221,93,Falcon3-7B,11.30375656770974,11.303256302521007,0.02891566265060241,2.031920912282853,8.716626689224427,7.364362081388258,1.641306573567288,3.1524624746175864,0.23129499999999995,2.697947043042108,13.034299999999998
1222,94,Falcon3-7B,14.138980108339055,13.00820105820106,0.028688524590163935,1.8929713342213343,9.294082913513511,7.501300326931571,1.4371837959995608,3.8021505764957655,0.48993846153846154,2.357216876387861,5.973199999999999
