SMOG,ARI,LFP,MDD,SRP,SPD,SCC,SVL,EPD,ECC,EVL,story_id,prompt_id,model,label
-0.848458449917307,-1.1288165493531948,-0.0314267347914948,0.1075344326586687,-1.3245689710183577,-0.764437887997048,0.2640648098912948,0.0252567459630802,-0.5251260723384987,-0.376415710074416,-0.0256749532126762,0,0,Human,1
-0.3126007239355632,-0.6897597466162438,-0.4224420087835315,0.3938331720684531,-1.429479454792845,-0.2985768027494354,0.3562506877741002,0.0200368973230828,1.3157118827339669,-0.0281236760268308,-0.0659404399444647,1,1,Human,1
0.3732830695703827,-0.1422087951752023,-0.2169100413337274,0.4486152947499153,-0.4883828737423172,0.8705525757225981,0.6310467895103445,0.7118581049273875,0.8954001019797202,-1.2220972288268162,-0.6038949759487868,4,4,Human,1
-0.3920723115430775,-0.4419121149191028,-0.8806686091538769,0.5567859892696156,-0.7504278622035122,-0.2038961085999562,-0.3117117328249735,-1.089127087954459,0.5143729307622708,0.8210849074022137,1.4364138501525046,5,5,Human,1
-0.6209211797078169,-0.7659478366280094,-0.1721477366691409,-0.0568468544170212,-0.3694038293066622,1.4384184846788526,3.637129762899504,0.9772856754935336,-1.006027439154596,-0.1824619834921844,-0.8649845340698391,6,6,Human,1
-0.9155326983343186,-1.0460358885759211,-0.1446153667365581,0.4278227654937129,-0.8209015608952694,-0.6821760260004486,-0.8081110572841371,0.900849385243624,1.3714611353228312,-1.3456504216154366,-0.8040774194636977,9,9,Human,1
-0.5327417576818785,0.0990885524205989,0.7173595996143085,0.6737000500188312,0.4872523151777134,0.8258919033715499,-0.3124251574268989,1.1860624267980555,1.3589651276793848,-1.5125529478331792,-0.921120856409181,10,10,Human,1
-0.3920723115430775,-0.3755377179778149,-0.1585701295791001,0.2806506749039453,-0.3690837459705542,-0.163241898715487,-0.7328905707794627,0.296977096517058,-0.3116038504917014,-0.8685844640078244,-0.4665915745102945,13,13,Human,1
-0.8398201738744385,-1.7000825670157578,-0.2169100413337274,-0.3873758660639172,-0.7792108286630004,-1.2003574826076655,0.4088813535447614,-0.6351328493080732,-1.0818714979877218,0.1401289133358344,-0.4907317833803004,14,14,Human,1
-0.8398201738744385,-0.903828113800413,0.4140253006052058,-1.8429537877963664,1.947799741092316,0.9264835714126894,-1.0313250097533957,1.9630443710262595,0.6130613698141023,-0.4497784935495916,-0.6495991658647269,17,17,Human,1
0.470129297389279,0.0942676820594456,-1.0259605570503654,0.2703725839951988,-0.5489718220365742,-0.3832029942557769,0.1003465104347149,-0.4945940142349668,-0.1477292033733161,-0.1718421636176781,-0.3935666475464819,18,18,Human,1
-0.2845336287645675,-1.5081533983368345,-0.2229767273139094,-1.3823283706196765,-0.8858826877180878,-1.4489463051113811,2.274616687274529,-1.7851215145299746,-0.0048393869058769,2.899005568166778,1.3241094001920424,19,19,Human,1
-1.184776798134387,-1.1762584839687564,-0.0127839012946608,-1.869008351215909,-0.8434651927647212,-0.2055254688937538,-0.0030508884667171,0.494628642545952,0.0031899120920985,0.8253448101143082,-0.0906531438864866,22,22,Human,1
-0.7101457824573196,-1.4370680701527707,7.526998971871736,-2.414920040406497,1.3088591464543513,0.9809595210523948,0.6580214565903998,-0.1598460359615193,-0.9392078733526896,2.640035810405412,1.0093325264286055,23,23,Human,1
-1.3995859430912696,-2.23264466110253,-0.816522352112572,-2.334353113663337,-1.5761389121139364,-1.352295804833858,1.8202680808191836,-0.352004190436289,-1.613361211153035,-0.6956060400208645,-1.3509374343660454,26,26,Human,1
0.0634890880610352,-0.1244125312515588,-1.1633130542421275,0.8196093633187372,-0.886462120558631,-0.7221588132435391,-0.3420878662317779,0.0996827633151326,0.9581258593450328,-0.5191504080656215,-0.089221906206447,27,27,Human,1
-0.4227012282063784,-0.905945806621689,-0.7214682741192299,-0.2113935961884112,-0.4070222244601074,-0.2229475157174599,-0.4919658504972031,-0.1019754654295025,-0.6065403562000614,0.0562546069367307,-0.0051287411836594,30,30,Human,1
-0.7971078615966881,-1.196308621750688,-0.8020015591662604,-1.1001737390000836,0.1741103833314279,-0.0121499921901746,0.712421703521769,-0.4874298636198586,-0.5350952738196505,0.967532683058028,0.698308675915051,32,32,Human,1
-0.0791037168631702,0.3090890697154312,0.7693940208672533,1.1690808765263685,-0.4583995049056977,0.6810950954403115,0.5007237876995954,-1.236881040855973,2.3103738161937626,2.786995379061931,2.4148715387913224,34,34,Human,1
-0.4345741415473406,-0.8726066351560727,-0.9861482390237676,-0.6876447927751916,-0.5619462498196428,-2.537225446718778,-0.5905457373737352,-0.4688926655611679,0.625426888700283,-0.0117179476013208,0.7427088492780652,35,35,Human,1
0.8794345372048402,1.0025206404673417,1.4102389984035215,0.3668866448702793,0.3499712059068624,0.6524751180461215,-1.3214916336578524,0.9096654218703027,0.7928361369290515,-0.0481626783531601,-0.3361263086542149,36,36,Human,1
-0.0433812087338415,0.7556430160582899,0.7571321330795502,1.3475693561860598,0.409341962488874,1.2202315605631522,-0.1566360723225894,0.8474183755449815,2.2103522516833016,-0.2567701757706763,0.3640351644212927,40,40,Human,1
-0.6814687069696148,-1.0509684319966166,-0.6885801513269106,0.0620174373005659,-0.8337603609186246,-0.4492439635527969,1.6178776904400722,-0.1774838627222811,-0.7894170407481108,-0.977430799900037,-0.850513130860547,44,44,Human,1
-0.9483899460983952,-0.5835021545865423,-0.7041817021269412,-2.89543075010735,0.3668232797377104,-2.281637426415759,0.6154311208627921,-0.6241414787859689,-0.3544996432166537,1.145852415916676,0.3082805054632948,49,49,Human,1
-0.9297948502268324,-0.0419365247024588,0.1685251675550372,1.2899919832543982,-0.4834561141574455,0.6418174757981054,0.1254882863991584,-0.6427683954285511,-1.0621858933892536,-0.236295884793094,-0.9140600838543176,51,51,Human,1
0.3619532907335747,-0.6074899255937772,-0.0970126710587277,-0.879247135696388,0.4115396523055125,0.2465500896067079,0.0631076040349115,-8.507883560700139e-05,-1.4678283045283416,-0.4137301551118089,-0.9651393663908516,53,53,Human,1
0.470129297389279,0.1883444518981433,-0.1145733437806297,0.5099881901222305,-0.19016693352927,0.497987007687413,-0.5387261557746383,-0.0204723389689275,0.657050546736869,0.814653812442199,0.2539888894671154,56,56,Human,1
-0.0838795924934184,-0.5671793968247884,-0.4746160260693481,0.5716122564480953,-0.7173325979074958,-0.2170098114589604,0.4013817743052047,-0.705134092112306,0.9373883522107692,0.8939194811000576,1.4002830500519423,59,59,Human,1
-1.1087624646287528,-1.2610875720375865,-0.4904118294678063,-0.2487815477150159,-0.560740250505471,-0.7879780677186019,1.295449463158305,-1.133727856811865,0.0941299847439045,0.0626013638882632,2.312458531464024,62,62,Human,1
-0.2028061079683641,-0.8885044725624855,5.393821486023606,-1.7134905889781678,-0.789369281890515,0.854696092284255,-0.458918947946078,0.67935844623317,-0.920384728096758,-0.5486153108879276,-0.3698081020578203,63,63,Human,1
-0.6635065209982688,-0.8613865880148043,-0.2688467920421153,-1.318672714954575,0.2489969714860875,0.1804953145768275,0.8536389727398346,-0.7102791542948044,-1.3832721645294992,0.3463293382247572,-0.2313597104752959,65,65,Human,1
-0.3295273363840899,-0.4476944830199136,1.384451903687633,0.1137727997344255,-0.1256569419458348,0.2142677817384847,1.0841550179766744,-0.8907349612896386,1.4265470392751618,4.083455301779703,2.185332820194704,67,67,Human,1
0.2239987799372529,-0.6206099923197876,0.451226676898775,-0.0909529273620422,-0.9066293714834484,-0.6176389374965986,-1.0228726323717998,0.6860065780755793,1.222789161098722,-0.1281546312256472,-0.1582393676661479,69,69,Human,1
0.0380743250687409,-0.0004513575073341,-0.8253119782034131,1.6533980736578495,-1.0369073185588171,-0.5640042981277805,0.0341024468676447,-0.9026579258510368,-0.1595411606142073,-0.303080906041859,-0.4832257368805357,80,80,Human,1
-1.2341138571463957,-0.8714068360679882,-0.4934844378001092,0.6786110622846254,-0.2645335828750715,0.0055829672175349,0.5518475576755733,-0.3371631097932588,0.2037442954695106,0.1853590444609139,1.6414943070613297,81,81,Human,1
-0.2396688106694636,-0.1622576121688482,-0.7813014214275389,1.7429495302496645,-0.3653395146535099,0.1619735987442189,-0.4097556620064143,0.3825895192535377,0.7576170529063782,0.1990357133488753,-0.6076479991986692,87,87,Human,1
-0.3832439408533956,-0.5160635518005711,0.9681159534618332,0.3954973199088013,0.2219964838270867,0.7135007472524225,-0.1339067697440247,-0.3528277014168884,-0.2660390099613827,0.0523567091595278,-0.0923388238207558,89,89,Human,1
-1.2063874203559786,-1.003574476589551,0.5424133062323143,-1.0343045754832212,-0.0532364272178919,1.8030681002867543,-0.5480155142249106,1.959848108339039,-0.015406877701333,-0.9038300633490052,-0.8845129770819388,91,91,Human,1
-1.3058063123320691,-0.0507961202343719,-0.3391980710915545,-0.9392125926225948,0.0718613588108843,-3.3502108401069246,0.6030137163729855,-0.1212646249670383,-1.4379925235130362,-0.4246279174960312,-0.8181353540098668,92,92,Human,1
-0.2322587972479313,-0.2028238245608477,-0.1003241629319681,-0.1835276205989376,0.8478377028121963,0.881241920989344,-0.9674886878773924,0.1395787245413223,-0.078725581433301,0.3249653460069064,0.4232247938113864,93,93,Human,1
-0.7675239421422649,-2.04395277378003,-0.5054993008753024,-1.779118489224356,-0.2449836478058598,-1.206493700850415,1.2356670390402438,-0.4831590797823959,-0.8912597483037974,0.7370277270317559,-0.6319154291957897,94,94,Human,1
-0.1304379711606092,-0.2199608952396802,-0.3638990651369395,0.2043401641058211,-1.157899121901046,-1.2899859461096217,-0.1637085601744062,-0.8151973763604538,0.471626716223639,0.1205152699227416,0.3480053024048461,384,0,GPT-2 (tag),0
-0.9483899460983952,-1.062784534685792,-0.9039099295722745,-0.7550524397381764,-1.0090190492301587,-0.2047761847640622,-0.0733760465868206,-0.4841444382516375,-0.0514639479458003,2.071236572049287,0.8423547970906199,385,1,GPT-2 (tag),0
-1.194951789434222,-0.4723407602486562,-0.1687878542366902,-0.5387033879682086,-0.7931359531801252,-0.3093995567197571,2.000820461540626,-0.6410824904759604,-0.6899010175428237,1.002804550966785,-0.5645836476703583,388,4,GPT-2 (tag),0
0.2640471912924162,-0.2030536019592256,-0.9230305530123126,1.6012500500210594,-2.106853694802818,-1.6584058005937632,0.2942806127691746,-0.9665451519677536,1.9955560657474591,0.5282303265480485,1.2712172165941245,389,5,GPT-2 (tag),0
-1.0360024388959204,-1.6807934654132075,-0.0732416434081424,-1.948388722551972,-1.6454796455765728,-1.201408659366816,0.6721494316456593,-0.4817805435986089,-1.4093067945808233,-0.3363688022886458,-0.3769006798944622,390,6,GPT-2 (tag),0
-1.009948373158509,-1.2441498108922944,-0.9620888196731262,1.2193383855097342,-1.4036816683847302,-0.8770113969589082,0.3168394382825195,-0.1662922487188777,1.0337486081628022,0.8730714381385651,-0.2176516340286918,393,9,GPT-2 (tag),0
-1.7554785073799373,-1.4142153326174438,-0.9369357903520008,0.5297012722933063,-1.9387031996039183,-1.7554449043531608,0.3029216198799377,-0.4004414137363162,1.383603096021733,-0.4872445224437468,0.1619762092814409,394,10,GPT-2 (tag),0
-1.6766847353689474,-1.5137459479598965,-0.7993118954312044,0.1762689915095948,-0.8094876862579002,-1.0422167762134766,1.4914523728764515,-1.2418653186389057,0.2260479319051081,1.2043908599370474,0.7376518094752587,397,13,GPT-2 (tag),0
-1.3493236978693977,-1.1656915945307886,-0.9469524834444843,-2.146871149818125,-1.9718936020948747,-1.072481823024045,0.7109778165022752,-0.1291328953485206,-0.354197689955909,0.0312110422441309,0.2407260869654129,398,14,GPT-2 (tag),0
-0.7435498114802557,-0.7148361787588365,-0.8798493498927517,0.6165619063682746,-0.3161608501294069,0.4829481174807312,0.4849880533240838,-0.2441321874560501,-0.4826934948966543,-0.0679723875810293,-0.1048382995597707,402,18,GPT-2 (tag),0
-1.3995859430912696,-1.8695238452470464,-1.1633130542421275,-0.8802629827128078,-1.223798125039444,-0.8315006933012429,1.8758608463525448,-0.175280016680202,-1.5614465793625028,-0.6806225435911338,-0.8917645813274742,403,19,GPT-2 (tag),0
-1.5281907734640947,0.2349986278477623,-1.1633130542421275,4.58080172397274,-1.9806846295673248,-0.9360221445894552,-0.0118333807718173,0.5217909858874794,0.3956469869072959,-1.3321405904722967,-0.8985709116281081,406,22,GPT-2 (tag),0
-1.04687859799133,-0.8828440695961961,-1.1633130542421275,0.2417610538888858,-0.7797119626399734,-0.6835587440161698,1.1146194648477108,-1.107706984024028,-0.2196956679887248,0.6737578184541136,0.0866294967477859,407,23,GPT-2 (tag),0
-0.8757136900682855,-0.678112134076067,-1.0297133575200856,1.1547028228081564,-1.8681096581130072,-1.799391843510462,0.1250300061568732,-0.8488288969597202,1.3905807512042372,0.8767541672228545,0.3257416051597815,411,27,GPT-2 (tag),0
-0.614283511246472,-0.7010157171770868,-0.5794624393135623,-0.299573573905418,-0.8611660429250814,-1.2720001023282943,0.4255344014033631,-0.7539147848685188,-1.232688572130983,-1.066933485809866,-0.6212924650817159,414,30,GPT-2 (tag),0
-0.4227012282063784,-0.7541188643444683,-1.1633130542421275,1.0256038145113815,-1.9034886801286903,-1.8203878527723163,0.3760869551885164,-1.156439699340176,1.6788009143259153,1.6315677660129309,1.000935932039038,416,32,GPT-2 (tag),0
-1.4766777149423926,-0.3684361180299021,-1.1633130542421275,2.2861335786305736,-1.4015447554393488,-0.8018380345922482,2.495156053111843,-0.4582259025706059,-0.6229939913832088,-0.5978907502524244,-0.9599551054609294,418,34,GPT-2 (tag),0
-1.2944201087047236,-1.243915289758704,-0.5880484777683942,-0.9329970040110525,-0.6636412569893196,-1.2599657950464085,0.49347818673845,0.4761023783451773,-2.0463158515218396,-0.8304943449482328,-1.6606254630448962,419,35,GPT-2 (tag),0
-1.8528605951643664,-1.1673918524609936,-0.0477809857949639,-0.8721166878828118,-1.1927933825724246,-2.0623644694292373,1.6997541586252458,-1.1460358452065436,-0.2152425209141082,-0.586848453032398,-0.2133261157067937,420,36,GPT-2 (tag),0
-1.3445345600816812,-1.3978496802293856,-1.0297133575200856,-0.4365408287448051,-1.1090604098300594,-1.0828688826870658,0.1415134646568188,-0.0915717731820196,-0.75914287795181,1.157148637693718,0.0554921258864739,424,40,GPT-2 (tag),0
-1.1003444996322964,-0.8647911842697882,-0.5423925590006375,-0.3717595177890109,-1.4976654253751354,-0.6077025066854228,0.2494692814137428,-0.3729026150437581,-0.1528112606915308,-0.5644512975639601,-0.2075057491412979,437,53,GPT-2 (tag),0
0.290485889687434,-0.4795993745238991,-0.976681416836527,0.7607458817143751,-0.9248185444706828,-0.3351792192329877,0.0187548940734016,0.303100148945537,1.2607379595792372,-0.3034896279109797,0.3472737809239368,440,56,GPT-2 (tag),0
-1.2341138571463957,-0.5863401942119033,-0.0520064860542335,-0.6147313582960904,-0.7008307588390601,-0.8011217954798542,0.3252014164609635,-0.3674728000282899,-0.8558746568337878,-0.5798550766650731,-0.5008458629859157,443,59,GPT-2 (tag),0
-0.7051582055887308,-0.9481703449413194,-0.5178016482980042,-1.137511397991578,-0.5525533747055918,-1.290514134485368,0.8054287986942693,-0.6828808505927055,-0.9198255581096334,-0.1654406553662243,-0.6283850429183581,447,63,GPT-2 (tag),0
-0.2845336287645675,-1.1350759680727636,-0.4995462352339736,-0.1008777793541008,-1.984836613747114,-1.8190169269207213,-0.3490614021508295,0.7228639341452076,-0.9683122615958528,-0.4247587170325391,-0.6403756341489144,449,65,GPT-2 (tag),0
-0.5073701075418354,-0.6126926743284502,-0.4934844378001092,-0.0719722499454983,-0.8541627540458386,-0.716975875368803,-0.1922454285612452,-0.9215509755036612,-0.9413673735635396,0.2767691603306318,-0.1887406328918864,451,67,GPT-2 (tag),0
-0.9547878642781245,-0.5008873822287415,-1.1633130542421275,1.9082216289258256,-2.4708946805646534,-1.6599500459230856,1.238882992715839,-0.2412674740383891,-0.7180288142875527,-0.52043850108202,-0.8913829179461302,464,80,GPT-2 (tag),0
-1.2485563515888098,-1.266905288390982,-0.9066333219572597,-0.4981886367788536,-1.8745591276305336,-1.1070212528236338,1.135956606296885,-0.7164070435598214,-1.5483586543405237,-0.384359263447241,-0.6034178967221069,465,81,GPT-2 (tag),0
-0.2845336287645675,0.3050467312917164,0.8912032903069202,0.8574219802819643,0.0843833974725775,0.9183516911383708,-0.7710580081289886,0.6702585263053172,0.95878159079592,1.8521287427350095,0.3325479354604161,471,87,GPT-2 (tag),0
-0.9798287703081362,-1.1672417397145052,-0.7267283310254549,-0.8707636215095712,-0.1984055072665409,-0.1980866674972848,0.1364148888945377,-0.3012918918538032,-0.968093241981691,0.0449253400953116,-0.3623656661216131,473,89,GPT-2 (tag),0
-0.8633434022695554,-1.5688797183334344,-1.1633130542421275,-2.539444330886157,-0.4222698388569814,-2.043270074104019,1.2572164810664006,0.4311238846011897,0.0020678276759708,-0.5509194262882363,-0.8644438442796016,476,92,GPT-2 (tag),0
0.7819452677063664,0.1347356500038952,-1.0008629246731329,0.355025702485069,0.1459573517220764,-0.1935846886358639,1.8444368827445552,-0.482540991750351,0.6957790550438028,-0.3462310539178994,-0.1532141331451186,478,94,GPT-2 (tag),0
-1.219334175434427,-1.1363666569666373,-1.030077389391263,-0.7984867797084044,-1.0456013989681603,-1.1586430733092952,0.4334709159956611,-0.874701489985231,-0.3807509193840734,0.6909090507191002,0.822667327669627,481,1,GPT-2,0
-0.8072872845390563,-1.2985025423442396,-0.2297094456451378,-1.5894173083876055,-1.0201554501830197,0.1727449724635846,1.3322123160242854,-0.1089293231706209,-1.1431711112128395,0.4563991074776417,-0.1443086542470928,486,6,GPT-2,0
-0.0026010113216044,-0.4132288595025499,-0.6044846085247865,-0.0776471077997595,-0.8378526460349615,-0.2802908761772237,-0.2558446629741915,-0.3259229421732783,-1.0596453452199035,-0.1211796633492603,-0.6553559218666649,493,13,GPT-2,0
-1.6766847353689474,-1.8956785123937003,-0.6953944992156458,-2.673545239775992,-2.467439372345348,-3.776363472890502,6.147196830584315,-0.627115438790918,-1.15700078804828,-0.2580745818997847,-0.069820684321462,494,14,GPT-2,0
-0.902823473281254,-0.3057998510424879,0.7925865057685658,-1.3671015917065596,0.4095805270703712,-0.293881904262144,1.444822704319865,-0.3838718419174511,-0.6663679564597328,0.82657950796042,0.1927001114796304,497,17,GPT-2,0
1.2236985853538025,1.202861120976699,-0.9332072236526342,1.1730667405492916,-1.6055782296567978,-0.2658831686513627,-0.3449861897115082,-0.1359471834465197,1.1780775236431282,0.4141320186214594,0.3675655506987246,498,18,GPT-2,0
-1.5650941786168413,-1.7408350548249851,-0.415645026715104,-0.3152813650862238,-0.5890943604975385,-0.1334559674765892,1.0091982879160375,-0.4572897907724108,-1.5816229316974515,0.4634768967106634,-0.8753212506479048,499,19,GPT-2,0
-1.8410592975928315,-1.5142839523538592,-0.9752457888564838,-0.1788546689540915,-1.9902720853094489,-3.320997239683455,0.9084102616452276,-1.4916554272849178,0.8522882811280188,0.4855916712821934,0.5244292004310951,503,23,GPT-2,0
-0.3710666250286037,-0.9322342271276196,-0.9842013729224668,-0.8101002324517126,-1.1558889493223814,-1.1506657221302603,-0.1431921883625694,-0.2224340281435946,-0.6590582511649903,-0.9676073442030704,-0.4706626505779639,506,26,GPT-2,0
-0.4715443834928143,-1.0932448640063572,-0.553998549565899,-0.4760932845286812,-0.859699336098952,-0.1314662666798454,-0.3701117587032759,-0.1545708394468687,-0.5248486474938933,-0.6668722733669424,-0.2009538610948932,507,27,GPT-2,0
0.3595047947380561,0.3623282047748584,-1.0177848131699032,1.009206891298873,-1.4012741723802962,-0.6729226533250895,-0.5429841490890668,-0.1904918411333008,1.0895327607398586,-0.516834884469655,-0.0384606764876995,510,30,GPT-2,0
-1.0528482689275138,-0.8680043208765492,-0.62300930838282,1.2890383382496773,-1.3834823183711713,-1.2648625675137402,0.1325889166668725,-0.8311106190822569,0.20007314164672,0.4421423807015702,0.0072435134282407,512,32,GPT-2,0
-1.8122024542736197,-1.2588911894786432,-0.5655442400579302,0.7678025483951968,-1.182011236463865,-1.2010043227652016,1.9770879852947116,-1.2353045552474924,0.4140957390735647,-0.0546876573564226,1.0182698106084098,514,34,GPT-2,0
-1.6078319263501843,-1.2039274339292914,-0.4897939220070402,-0.1858270506520784,0.5009622888211732,0.2020159317862841,1.0038906138766217,-0.4717467302771598,-1.6911829655640045,0.3944734181895122,-1.018890292596794,515,35,GPT-2,0
-0.4265542125075842,-0.8426496301867626,-1.0311576785657293,-0.4035973288276071,-0.8036715500598557,-0.8133345192567367,-0.205123937177503,-0.7353368719386427,-0.6719720866762965,0.3416100971817039,-0.0439311849536294,516,36,GPT-2,0
-0.1682110011284464,-0.933834112205768,-0.6154420290290481,-1.3437848921998423,-1.0844315797938042,-0.5196257861738496,0.3060317150821101,-0.5338749219095251,-0.5293151874920426,0.9661918692647974,0.5700379745016995,520,40,GPT-2,0
-1.3995859430912696,-1.8275508067634612,-0.2493412972277848,-2.2095261415810405,-0.4822789624616654,-0.5841250618695357,1.178585315198725,-0.669599409098572,-1.96187097528486,-0.2555674566035826,-0.6231371714248783,524,44,GPT-2,0
-1.7177236867423566,-1.3823131729100742,-1.0095473655620415,-0.3191461420633024,-1.8043066712807805,-1.5435591124815182,0.9686152799463128,-0.8265455779991175,-0.5664777866760917,0.7636316898163725,0.1838582431451618,529,49,GPT-2,0
-0.1712947911596654,-0.6671131088167579,-0.5130804877492108,-1.018318622777083,-0.7618699592520084,-0.6794425883323134,-0.7451902480503838,-0.7315093823979949,-0.7815840008036611,0.3928918609194703,0.3803830792555259,531,51,GPT-2,0
-1.1087624646287528,-0.0554648610479326,-0.9981188346466296,0.2388036334131319,-0.7875508168179639,-0.3153548899826905,2.7619867316886424,-0.4674234691635198,0.0882224284237272,-0.0492715559194773,-0.1592253314012861,533,53,GPT-2,0
-0.6395544638512813,-0.7925121313256757,-0.5718111711743775,-1.2028869854244388,-1.4122843582977451,-1.4470436385499432,1.8959836564927552,-0.7301947380841141,-1.2085795160770405,-0.5456454379776602,-0.1207409404491029,536,56,GPT-2,0
-1.5585736509687949,-1.7793464638642549,-1.0401455756520337,-0.5575377119324396,-1.7857164963680725,-1.2547677280279252,0.5692032930821701,-0.9340998558229134,0.1959981974869181,1.0932424581136564,1.9290458596222309,542,62,GPT-2,0
-0.4996126188350628,-0.7612297693049848,-0.6643590848516445,-0.9590827508946808,-1.0077051900651368,-0.5896648623602461,0.3355848369625719,-0.1039978438401499,-0.30313284572241,-0.400529995577053,-0.3211142156546857,543,63,GPT-2,0
-0.4614810964451093,-0.5401701707887892,-0.8024459767493796,-2.7959888751971196,0.1631850950674288,-1.698566903738803,0.1705673497469152,-0.180017480515397,-1.554671572631083,-0.1237289533418266,-0.5690045818375924,545,65,GPT-2,0
-0.8757136900682855,-0.6292461197961019,-1.1633130542421275,-0.1559855175314042,-1.2559998755933377,-2.053630549091651,0.8950510419795993,-0.9481436692847792,0.0817287132863599,0.2832770171908157,0.2487728232554148,549,69,GPT-2,0
-0.97098501423066,-1.0993756237789916,-1.1633130542421275,-1.2154112048575765,-1.3895634991179924,-1.8659475144116615,0.4469790290836594,-0.7683803362252342,-1.839870153408625,0.208283359643764,-1.3034521486705,560,80,GPT-2,0
-0.9798287703081362,-1.397769861428591,-1.038891962638394,-0.4266005160757911,-1.4782066316824325,-0.9818190477961164,1.187970090749361,-1.3924938841688193,0.428195448822929,1.9129416024902235,1.6951816227037146,561,81,GPT-2,0
0.05939853820644,-0.3141172341923335,-0.6375336026263496,-0.6802610256285997,-0.9876057961548472,-1.0480540874062123,0.5254330196089804,-0.0988024464308179,-0.5407389260932441,-0.9493099223674404,-0.1816162497734653,567,87,GPT-2,0
-1.454637766986399,-1.5764853399701872,-0.5025361758601364,-0.843742717933216,-0.5638155841265214,-1.5280826027034633,-0.0099341017354068,-0.453490198192313,0.0040365983061548,0.4289650947793239,1.0855697868520635,569,89,GPT-2,0
-1.073345577125911,-1.528156587325306,-0.553998549565899,-2.1964843074359486,-0.3910638439739991,-1.1347491295898262,-0.0461721639851995,-0.7099657537125302,-0.585295253058909,0.4790773560613129,0.1857983653336601,571,91,GPT-2,0
-1.310621783156879,-1.6365903484941036,-0.4269050873706315,-1.2216586088815216,-1.5411435232428252,-0.8412865575414346,0.7531693986948201,-0.4690047926543789,-0.64517072286084,0.6870183663417642,0.470710079506932,573,93,GPT-2,0
-0.2322587972479313,-0.3459525780207937,-0.9004233284342387,-0.4013474170222172,-0.6304986659520032,-0.5405391839655358,-0.2979393696514563,-0.5142772505624396,0.1990082570508872,0.8088312904447703,0.8716156563269909,574,94,GPT-2,0
-0.2322587972479313,-0.167927353473226,0.422551453874651,0.5158551186564004,1.1263116458682765,0.2043586735575148,-0.8999061496745435,0.7651945109307591,-0.0591712297631615,-1.0587275806812069,-0.745078621764276,1100,0,Qwen2.5-7B,0
-0.5617988993577324,0.3628495091822832,-1.1633130542421275,0.7194596221016437,-0.2687300111286571,-0.6684028224835183,-0.800789940696727,-0.1836004251860364,1.801854076031804,-0.7208857925141531,-0.2992639870727434,1101,1,Qwen2.5-7B,0
-0.5954144025819421,-0.2790748286087094,-0.4934844378001092,-1.121970197565469,0.6290063127275057,0.113501412777651,-0.8532567153703003,1.3956361826708783,-0.2223168544515492,-1.533016245782434,-1.5813985061342442,1102,4,Qwen2.5-7B,0
0.6766092471050954,0.4711619930488601,0.1131274216684654,-0.7794061519959173,0.7853253463304288,0.2214121237134659,0.4694290855018249,-1.7790065254035796,-0.0644621178709959,0.9837185884107584,1.5773430537137645,1103,5,Qwen2.5-7B,0
1.3516899423472122,1.3995806920424871,0.89987213564257,1.1127539279654253,1.9645979557750937,1.1168000754756606,-0.4523656576616793,0.4993114634235185,-1.5014534567165545,-0.7360309463711912,-1.349251754431776,1104,6,Qwen2.5-7B,0
0.5444340965006037,-0.1040598083480632,-0.07670218756952,0.9509322436885702,1.7821796913023882,0.7316715272473842,-1.2707335024069406,2.130956159866716,-1.0976477241509568,-1.7674953193237302,-1.4081551362858618,1105,9,Qwen2.5-7B,0
1.370980200214112,2.440336266757738,1.3062570972865255,1.4363493407661598,0.9097563433919544,1.4561245026742504,-1.7254699170014691,2.671320375209549,1.2821580778443071,-1.6261559738456477,-1.4720519473791975,1106,10,Qwen2.5-7B,0
0.4826194686751654,1.148471266655848,0.0293086286912221,0.8154929421643988,1.0270881222999824,-0.1786778663496862,-0.6869364212915967,-0.2690251868457308,1.567277811560752,0.5779128035659472,0.0583227959647752,1107,13,Qwen2.5-7B,0
0.3341024277275116,0.4393206164040716,0.6094055802086521,0.4600129056783653,0.0434231606893721,0.2883503946878414,-0.2246507993101172,-0.3419084118480799,-0.9102194991354524,-0.2233308270989966,-0.891764581327474,1108,14,Qwen2.5-7B,0
-1.2944201087047236,-0.3329836820548469,2.2882744046002723,-0.5315383095312316,0.5310287020048217,0.0713514734539271,-1.567748044478902,2.2539387163010023,-0.4458816470829589,-1.5623157351825705,-1.4277789951432975,1109,17,Qwen2.5-7B,0
1.5348244866257776,1.372598857586209,0.0777399660692261,0.6134651698810829,0.9440124299381498,0.5213152114094871,-0.4716617737277078,-0.5938781177107576,-0.4399264901701837,2.364180576042128,-0.0658450240991292,1110,18,Qwen2.5-7B,0
0.7155808065005014,0.1908891248094658,-0.3972949497992972,0.1650771121098203,0.5913048965572529,-0.3011080302917254,0.292694207011658,-1.06509882397676,-0.1877003988413244,-0.3252472491995726,0.2964489406416319,1111,19,Qwen2.5-7B,0
-0.1304379711606092,0.3575605547212251,1.143172275959162,0.0537513662774693,2.197456970982697,1.5625850168087774,-1.2114984615284154,2.323635445912759,-0.2141526375960149,-1.0519297190856214,-1.45080601915105,1112,22,Qwen2.5-7B,0
2.457702686397474,2.0310205918523887,-0.3746438768184608,1.565936065822508,0.6248283350068874,0.4578161180317218,-0.7415611927289387,0.1298966733721465,0.274273617392371,-0.7352439899183522,-0.3045754691297803,1113,23,Qwen2.5-7B,0
2.0677907985462936,2.052867085936958,-0.6931448907780184,1.4375259003202032,2.1548039999103694,1.4670944119818772,-1.4299861177515274,2.441407273744793,-1.0446734500735284,-1.4356871825528716,-1.4417097085623525,1114,26,Qwen2.5-7B,0
1.8139254124199868,1.6150878813678804,-0.2138472484116939,0.524345208441675,2.158511053452414,0.2266920513715648,-1.002302645435931,0.4347329073122756,0.185028178920034,-1.1034820561680754,-0.2800217915966519,1115,27,Qwen2.5-7B,0
0.829941264999244,0.3378288682767455,-0.8072633770557148,-0.2594811506607782,0.0783813853628925,-0.4138682488471715,-0.1802639204611831,-1.1994527479678438,-1.0612495845387098,0.2287564919942077,0.0734303048096409,1116,30,Qwen2.5-7B,0
-0.8177884082796023,-0.4486450471419088,-0.7752377447161962,0.6435306962641014,-0.6030965764313382,-0.575623623909204,-0.0694955912785693,-1.442878730120291,-0.2587057465689762,0.8387383914333688,0.2130554918179751,1117,32,Qwen2.5-7B,0
-0.7646050633371493,-0.2247021066605277,-0.1988655394439552,-0.4154627346256728,0.0014424073626832,-0.3017231060195021,0.0969545766300385,-1.5250658899777083,0.8080264081932254,2.544039080345234,2.4704035607768695,1118,34,Qwen2.5-7B,0
0.0380743250687409,0.2723858747825731,-0.0915872679348982,1.0470442618470563,0.5364556662056835,-0.0638472342928795,-0.0646963463562474,-0.522706919957395,0.633237242412413,-0.3439095754048094,0.5461522078859226,1119,35,Qwen2.5-7B,0
0.9216994594253292,0.8323587957436267,0.5083959714080379,0.3079165641589572,1.6021190921214268,0.647330148519343,-0.8152218806162944,0.6991056862275516,0.0360350320873618,-0.3265899683744052,-0.4525336399641251,1120,36,Qwen2.5-7B,0
0.6399749004527849,1.1284141834467238,1.310667043985684,0.1091328671702876,0.545421178093763,1.2912944723342823,-0.7096376791414475,0.2123419765354724,0.8530280807136338,-0.3230194051847024,0.3764074190331932,1121,40,Qwen2.5-7B,0
0.3341024277275116,1.1573061623878276,0.5228072561119185,1.1356673087528588,0.3681062835900299,1.7673066383174003,-0.8373749943943433,2.293243271268968,-0.5656578421353688,-1.6797120818008882,-1.5732245487171277,1122,44,Qwen2.5-7B,0
0.1561680889303167,0.7950697359268744,-0.1374916066840715,0.3216667770965737,0.00104179152495,-0.0690208382903517,-0.4848480195913685,1.2428902430076296,-0.7079952824076526,-1.634834340862458,-1.281697335933894,1123,49,Qwen2.5-7B,0
1.20881986381684,1.1386085686781082,-0.3925995673727649,1.2930115589470403,0.705083563132948,-0.4618310506610714,-0.0740175016703966,-1.9763909137660185,0.4662874066135497,0.8410911071492159,1.9700428678349289,1124,51,Qwen2.5-7B,0
-0.0629500762887409,0.2680115253340644,0.3248713935920957,-1.0201303683509932,0.8389886587626483,1.0740977271789531,-0.8309406838718245,0.7678776897341545,-1.3626518621423027,-0.6470745071516699,-0.9111658032124592,1125,53,Qwen2.5-7B,0
1.279975778582736,0.7688210833372418,0.0071055654451225,0.249525202727966,1.163666211726459,0.9779744692442004,-0.261896972638703,-0.3149879567451978,0.9990038071001728,0.0628853209170102,0.3561792598219626,1126,56,Qwen2.5-7B,0
0.1561680889303167,0.5814613454365529,-0.309740927055416,0.915452340970799,-0.0129616847623022,0.086043508892611,-0.2701724980317349,-0.4982746870216723,1.2527857224216958,1.7109657906668276,1.0392294913005495,1127,59,Qwen2.5-7B,0
-0.7213381218828108,0.0145919919755053,-0.4718334118141045,0.953458728918114,-0.1201342556774795,-0.0798351302635618,0.2037866321912305,-0.9675309830029885,1.0217422461252692,0.1795140697382681,1.905891614487364,1128,62,Qwen2.5-7B,0
-0.2437936958787487,-0.1919177975995042,-0.5596403505351234,-1.1996617543456314,-0.4681270811981094,-0.0518474471848639,0.4612926585374269,-0.3561209405724547,0.0351025763596597,0.2017084612441263,0.2093978844134291,1129,63,Qwen2.5-7B,0
0.7915296629084653,0.8513310061334981,0.1866176236793633,0.4521885214607016,0.9587898553791326,1.115562333895405,-0.6291497420518788,0.1280734663715305,0.2871919655911777,1.3990014328837008,0.1808367413761887,1130,65,Qwen2.5-7B,0
0.7983613547224271,0.8046896974931346,0.8862822930744672,0.4557393742007384,0.380428166095883,0.0828975924924743,-0.1187868888761698,-1.7780790708346044,1.3189342088073297,0.7805366820103237,1.9424994938146056,1131,67,Qwen2.5-7B,0
1.2440742517562469,0.6568590473837821,-0.8614767023886254,1.000132076508785,-0.7289411545239975,0.3404297421109052,-1.3747778999044764,1.4944549068550252,0.142774241049344,-1.209177078691322,-0.4186610148698481,1132,69,Qwen2.5-7B,0
0.5216616892459135,0.8888262684849453,-0.6001941789991255,1.063138807427984,-0.5503748816541862,-0.5507747105018482,-0.0544814163858995,-1.2840844142126728,0.5197946048682763,0.6699768767629004,0.8756549271128808,1133,80,Qwen2.5-7B,0
-0.0791037168631702,0.2640723899386972,0.4182768864673281,-0.1946073711554929,0.8907024607134119,0.5368377238131754,-0.3799531744992908,-0.5585994836905579,1.6920995232230964,1.165696099459709,1.0142623451042985,1134,81,Qwen2.5-7B,0
0.6309802530603996,1.063172081231123,-0.2544377940141101,0.2355327035966345,0.4431832723227193,0.2560064765589535,-0.5214989925639966,0.5667310948225782,2.8538125032800297,0.7665824896367597,-0.2464990246019403,1135,87,Qwen2.5-7B,0
1.0309104574783603,0.6104077768925373,-0.3788613590506728,0.4235903237952027,0.8520594660377924,0.3224003228296696,-0.1552777632676909,-0.5943199965329058,-0.6478172098653002,-0.437739191949863,-0.2471351302375132,1136,89,Qwen2.5-7B,0
-0.1304379711606092,1.0650535845021325,-0.6885801513269106,1.2445873460873116,-0.1265171939420428,-0.4233954510846482,-1.762562205535782,2.1785353033514765,1.13463741672531,-1.42450741447509,-1.3417775132137904,1137,91,Qwen2.5-7B,0
0.2239987799372529,0.4468288931477442,0.2540054675047517,0.0094639384397687,0.4710556270232233,0.3863581418331239,-0.9268984526882696,1.0654573486092949,-2.4464318336541835,-1.2458816805864907,-1.8394347572045449,1138,92,Qwen2.5-7B,0
0.8074518539529375,1.29373673083603,1.535574325642758,-0.2685093491333516,1.309194753611256,1.107275298731595,-0.3988479348845883,0.0974532663642417,-0.229350390217725,-0.8350009296496773,-0.3450635928340195,1139,93,Qwen2.5-7B,0
1.9326751054179263,1.2702562110172262,-0.6767708751349898,-0.1944056413698365,0.6751583358634481,1.5674417360570414,-1.2388487812503706,1.590815927206312,0.5431676480262935,-0.1584793463331743,-0.5741888427675145,1140,94,Qwen2.5-7B,0
-0.6814687069696148,-0.5839663658673804,2.2531053911913976,-1.0557404397023062,0.6852483448320412,0.5285709719063397,-0.8596795907399704,0.8697374840916308,0.0789451864174074,0.5327765316510963,0.3027781917155866,1141,0,gemma-2,0
-0.6209211797078169,-0.4404078299127369,0.4558090980846055,-0.6918788359096658,-0.2894979438364785,-0.4667604418930877,0.123650233941173,-0.2292067809649234,0.6889342681923011,1.7524471846140837,1.0430461251139893,1142,1,gemma-2,0
0.6650465996172595,0.1079874283756981,2.392867963959133,0.1412687332221706,0.6445048931038021,0.3760348684751114,-0.9822468402704017,1.859934538788658,0.4099343664044816,-0.9428461629848672,-1.128268656633619,1143,4,gemma-2,0
-0.0141563964498386,-0.0858412738024672,0.2309127013663097,-0.0323715949255745,0.3428929495335999,0.5422926371766168,-0.1611342180397993,-1.315500858658364,1.203361924007559,1.2716030785425136,2.1359710228742186,1144,5,gemma-2,0
-0.1304379711606092,-0.0323400349611196,0.8883298408739845,-1.081396365776852,1.0062088341738158,0.6826337132253794,-0.3531073436470074,-0.0631218526824547,-0.6484969007345837,-0.5122051325284838,-0.3338363283661513,1145,6,gemma-2,0
-0.5327417576818785,-0.6709588402960622,2.1208466547310514,-1.2838490281832111,1.21995710863983,0.9709729965048944,-0.9500082319295816,1.9058986357934464,-0.3681903055557012,-1.0647771874104464,-0.8972350897934043,1146,9,gemma-2,0
0.6119206137971807,0.7875093970828768,1.0593000821336604,0.911780803384006,1.1532751583174383,1.2483194867167706,-1.1303543575503443,2.166502189957764,1.045688075923657,-0.6443104724634986,-0.8093889015207344,1147,10,gemma-2,0
-0.1911075855815268,-0.1742023873003472,1.0237950799551334,-0.1474756814126867,0.3905251539672841,0.5057659664968885,-0.3986005463172039,0.1533498151186988,-1.1484830526764762,-0.3933958228988992,-0.8244327998020425,1148,13,gemma-2,0
-0.8216898194850092,-0.3615140114536057,1.5068569935540408,0.1460694852766005,0.3314051487991036,-0.0256903296916371,-0.0098622488142567,-0.101435002100193,-0.917319441120088,-0.6354604595274765,-0.4482081216422267,1149,14,gemma-2,0
-0.1304379711606092,0.0125540319325019,1.0934941303855956,0.2789562171915625,0.3068040201233709,1.5188093453669715,-1.3591673679222298,2.360718161219378,0.3967844287701796,-0.6737711022419143,-0.4520247554556665,1150,17,gemma-2,0
1.1974778483338973,0.8561121281550242,0.2706309047099938,0.3314682426090347,1.0736689109347723,0.7672272070189544,-0.7027783983701207,0.0818625772700978,1.4587389914357347,1.5059137982155908,0.51717759618556,1151,18,gemma-2,0
-0.4560780712757085,-0.2129611189008851,0.5395845726328543,-1.2374533433980333,0.6304338359052181,0.2438019322370156,-0.1496604008419152,-0.5684797449499863,-0.6331761136912425,1.864722668031726,0.2999157163555062,1152,19,gemma-2,0
-0.3377858137562886,-0.1807264134615926,1.6576959265425264,-0.7402421317957327,0.957714737006261,1.0247270848540553,-0.4684627322279304,1.464063051226664,-1.386232973933773,-1.3732875122285884,-1.4774588452815702,1153,22,gemma-2,0
0.3507326274125706,0.9045295392348968,0.7978161837365089,0.0814615708311746,0.7485383183768669,0.3474463219616998,-0.6702587319315861,-0.3621513682977323,1.479107523526674,-0.2351546595014073,1.1300971813421925,1154,23,gemma-2,0
0.0768927669818624,-0.3797359690318923,0.4998668437261493,-1.1479598420604005,0.0596708765517806,0.9483686153901452,-1.0995394895861563,2.052797052692443,-0.8757377249882499,-0.9256371351492724,-1.334144245586911,1155,26,gemma-2,0
0.4635954686026357,-0.2383532944661531,-0.467263388757895,-0.2954646188160339,0.6555815048678654,0.4321890554806992,-0.625180191625136,0.6935270255721878,0.5113583675482263,0.6840105504745189,-0.291376277191635,1156,27,gemma-2,0
0.5997410858429826,0.5174692023535461,0.2622697154449667,0.910226673262338,-0.0980231979142025,0.5154516083770304,-1.0447075809759598,0.3483570589893641,0.9162599282500148,-0.604793215499278,0.1903465206280094,1157,30,gemma-2,0
-0.6103871581015209,-0.5607134946649942,-0.3972949497992972,-0.2990778456608522,-0.3222046703872148,-0.1429346794538351,0.5147371117699804,-0.6088913994872948,-1.235749811795596,0.1128672579554725,-0.7446333478193746,1158,32,gemma-2,0
-0.5419799131889967,-0.2751909620726287,0.921463608559968,-0.8878645335475658,0.6371573523551983,-0.0026989314101179,0.7786723682628307,-1.263183084908394,-0.0834804763671457,2.258520486569088,1.76458074754476,1159,34,gemma-2,0
0.7983613547224271,0.332135883928473,0.1406199857650014,0.2140845154709532,0.5603349867910026,0.1994478457685562,-0.4717818470950209,0.3686074306530743,1.656944441598785,0.415600181097229,0.2971168515589837,1160,35,gemma-2,0
-0.0629500762887409,0.074907546649541,1.2414814867546264,-0.7167539677826031,1.148977600558818,0.9877470800154377,-0.6357307105319289,0.5511221380757592,0.0876360531839925,-0.0153724116416288,-0.5173209989472637,1161,36,gemma-2,0
-0.1792678326009293,0.2831405737497893,1.6163891628273337,-0.1686475342118599,0.9754885354427584,1.5849549056075332,-0.2355417576436771,-0.1367060717808979,-0.2315273592924535,1.4569136992956964,0.6670758892084029,1162,40,gemma-2,0
0.7155808065005014,0.8250533072679399,0.6010293323654565,0.1463397292976728,1.5758719053772188,0.6191758890871564,0.4936996941847373,1.0231219000576297,-0.8548668405248481,-1.4224769793557095,-1.1861542694707874,1163,44,gemma-2,0
-0.5073701075418354,-0.3332726564569497,0.8740823207690113,-0.209947638370234,0.538055422369707,-0.0998730856017816,-0.4287314290889477,1.1563449363535336,-0.4966206695552796,-0.4327431841830088,-1.019717229923039,1164,49,gemma-2,0
0.4362424497152523,0.21851988889698,0.4398833064223753,-0.527431760679734,0.8652514530574456,0.445209135462392,0.4030573090658049,-1.870082633580315,1.613668961835393,1.9298948670102216,4.510935023850612,1165,51,gemma-2,0
1.0395171179273917,0.6673892382674147,0.4866022187730279,-0.0086016177667988,1.21259828380445,0.8919266784416319,-0.8148322556771537,0.2208143515906468,0.5477649740226145,0.6036237203594361,0.6132613524389036,1166,53,gemma-2,0
1.0186447908601428,0.5414707566963762,0.4582873462769423,-0.1231060719115395,1.0602171855410258,1.0571426247175395,0.3341005269620659,-0.3282888070823636,1.3300272873215664,1.3223506476255438,1.3252861956178523,1167,56,gemma-2,0
-0.2358336790947091,0.3755214802125718,0.1672308641324937,0.050397473693107,0.9737929087777218,0.623328886090803,0.0489569034032386,-0.6562822397683591,-0.1072238094360569,-0.2273100710221997,0.7465572883732842,1168,59,gemma-2,0
-0.3452107631240552,0.4367060309388227,0.5025332644042546,0.3832896539193219,0.5070383883887624,0.2180372934731128,0.4715708803453793,-0.9897887847400064,0.2006603698323843,-0.1989097590129524,1.3586181309218923,1169,62,gemma-2,0
-0.2746592813573092,-0.2227886700536445,-0.2806868990026449,-0.8819336498911452,0.7448065175798083,0.5090487974441232,-0.1260675441157293,-0.0039250342280871,0.0679475587433931,1.1392605091188883,0.2428570408445832,1170,63,gemma-2,0
0.7433707350416079,0.8676620746100272,2.410589796275751,-0.714119258493014,1.779450798755893,1.4154532623032254,-0.4730634678714074,0.2544642875208702,-0.4933262495255885,-0.8061644108786586,-0.623932303469345,1171,65,gemma-2,0
-0.4201879471048291,-0.1795854574848749,0.0270752547531446,-1.0536432985982676,0.5435636602188569,-0.3382975661243027,0.7194514140101087,-1.9188978908424652,0.373329699407916,1.31569263848703,2.4555186889044545,1172,67,gemma-2,0
0.7433707350416079,1.6397363356641668,0.7925865057685658,1.6360886844400415,1.6624374674709903,1.3485945519863738,-0.5377995060626035,1.800277801422678,1.4152179689382398,-1.346198927424917,-0.4420697022589447,1173,69,gemma-2,0
0.5997410858429826,0.6874442382889202,0.8785601128020027,0.1367597920494598,0.9774474247538868,0.7638739205682065,-0.1110190410571336,-0.9461227223384252,-1.2626689709108694,-0.142000055140193,-0.710156422371303,1174,80,gemma-2,0
-0.1304379711606092,-0.1097018156014802,0.8145629053192477,-0.1038491648782304,0.4333315574113212,1.1642580057234757,0.2450132487144539,-0.5059390393413441,0.2437648109098935,0.314718474334682,0.9260344934502844,1175,81,gemma-2,0
-0.1304379711606092,0.2705880114128139,1.2573547180483349,-0.6183908291002991,0.2411512526698088,0.7963755594390011,-0.8813206559974122,1.6324803546630238,-0.5818594530603324,-0.917859936233631,-1.1841823420005104,1176,87,gemma-2,0
0.6542405438273207,1.0055295404677962,1.0425887051684288,0.8498416637517435,0.9297812518670644,0.6094785095924283,-0.5739253901141431,-0.4630094861584772,0.5890715517783464,-0.441786979505692,0.8808073827610248,1177,89,gemma-2,0
-0.3531880714651195,0.4190255512328641,0.8038273078375928,-0.3043395947363165,1.978504681027505,0.0896109790317493,-0.8639669061083296,1.37838763095655,-1.180990415544994,-1.2901861026214945,-1.3912665316613912,1178,91,gemma-2,0
0.5033410926588148,0.5462183842714693,-0.4371127225549889,0.3178729524240913,0.3817505946195323,-0.3165469977165985,-0.9224277392202628,1.1275924297425153,-0.1548233529710867,-0.6559585881233165,-1.1167869499115215,1179,92,gemma-2,0
-0.3308577027591199,0.0548825485788013,0.9058457230520356,0.4964252525611881,0.5433979838914426,1.2357655749197176,0.3130800021900393,-0.7237158144317615,1.058870710057504,0.1511234117596863,1.169058651521056,1180,93,gemma-2,0
1.1133775675930326,1.4776552708941688,1.7932793039135717,-0.502989819798477,2.327874857373187,1.552373415838466,-0.6266593534251432,1.0182383441376643,-2.0964603921842913,-1.5861957894691614,-1.3317270441717326,1181,94,gemma-2,0
0.6202711145267519,0.760599684564823,0.0293086286912221,0.0684913514767987,0.561180657613932,0.6808486503053601,-0.8684241515130618,0.921284365953714,-0.9345774004918188,-1.2357351436227924,-0.5336053032179395,1182,0,Falcon3-7B,0
1.2133124611672856,0.7945524910516132,-0.6123554317039039,1.0915545258630364,-0.077655490748981,0.7065358099474984,-0.2880250696424019,0.0720496501876216,2.00190033390436,-0.3188616005978249,0.4226841040211493,1183,1,Falcon3-7B,0
1.0157403350274063,0.863873517575366,0.7294929715746725,0.4528920165733406,0.3010034233629587,0.7164331775278392,-0.7330256912833842,1.5238509729066498,0.0354940536403807,-0.9883140193149696,-0.390735977468181,1184,4,Falcon3-7B,0
1.2060427006432357,0.9908926913027608,0.2600727556971612,0.4680435553392966,0.6281772368413039,0.3309016670089099,0.0870563665364243,-1.6754993071119098,1.005615948653419,0.5327681465506233,2.0297095764517015,1185,5,Falcon3-7B,0
0.567066361871685,0.5528595521385137,0.0196907118933724,0.9184233015089672,0.8180059700230949,0.7091436929564136,0.2906015211259922,-0.8562662915301125,-0.7086758980264184,-0.2463457956950408,0.8522462397237844,1186,6,Falcon3-7B,0
0.4882825790873827,0.8081102854555807,-0.246485135487115,0.5995978578049711,0.5151915552570044,0.8865885865482022,-1.3338439765062893,1.82452282727578,-1.2134171118048498,-1.6172454471144757,-1.124388412256622,1187,9,Falcon3-7B,0
1.1133775675930326,0.3947193444173051,-0.2901436078087823,0.1407760789231881,1.2036977804829765,0.8106484941505138,-1.5672741522884028,2.2173511834767243,1.946729293096884,-0.7920994903479586,-1.0410903792783013,1188,10,Falcon3-7B,0
2.121689285901472,1.5709053170665537,0.1717719696559567,0.7492155345575886,1.336619768881071,0.959099464207054,-0.5760977767540154,0.501237422783715,1.2480903069267468,-0.9678114667564413,0.0758157009430403,1189,13,Falcon3-7B,0
0.9865831596582288,1.17770250268308,0.3889881838615973,0.8613248437331225,0.5584904144921986,0.0925504807258145,-0.377415739268324,-0.0110506665873167,0.2743715320434089,1.1241297652042754,-0.2595709954129709,1190,14,Falcon3-7B,0
2.210312121019832,2.463039670739288,-0.3746438768184608,1.2644953251341224,0.426602333097215,0.6599564681640024,-1.2704683651466475,2.048678032820399,0.5782202771422043,-1.5618578495787443,-0.9370871078620704,1191,17,Falcon3-7B,0
3.1176280027526917,2.573466912663719,0.2337580600512248,1.720602909168106,1.0524399930316355,0.9956791742634468,-0.3152234039827243,0.1194942489230687,-0.1222457497902641,-0.2314881906679165,-0.5712309515620988,1192,18,Falcon3-7B,0
0.904052613853834,0.8663871412623094,-0.6874250834366059,0.7302784377581474,0.6741994342707509,0.4298255210908723,-0.0752436371479914,-0.7964491460433715,0.2239029151718169,0.0795735592469859,0.2607634144859711,1193,19,Falcon3-7B,0
0.8391047814608169,1.326686502604863,1.427282389480645,0.4445964368104493,1.516854010541295,1.3625210445720022,-1.1979730218246063,2.003490549919366,-1.0094504028387894,-1.537996425303859,-1.369352692515892,1194,22,Falcon3-7B,0
1.3079805309141392,1.4051605461688412,-0.3537519780787609,1.3168075324447994,0.2861667696758245,0.2536261666712607,-0.5117409012342211,0.0697183524909426,0.1977598452501629,0.727456987074932,0.173330694876424,1195,23,Falcon3-7B,0
2.872398371588832,2.049175286664388,0.0196907118933724,0.6620296014884892,0.1636666285095848,0.8234609476635361,-1.442319360889015,1.8625048247112332,-0.7644050008107791,-1.575956782453808,-1.1115708836998206,1196,26,Falcon3-7B,0
2.368674865133107,1.943673183203511,0.6355912233596809,1.2361590028604532,1.0908076572583307,0.520055914767647,-1.0012639796168608,0.2320094144975555,0.2640942596326142,0.4749682290370015,-0.1065557847758188,1197,27,Falcon3-7B,0
1.1133775675930326,0.7968138006003903,-0.1878020517430285,0.6397416238464957,1.1475968190014754,-0.1172636880843852,-0.578819540461526,-0.3729789101670379,0.0203682346128321,-0.1167181431925204,-0.1547089813887159,1198,30,Falcon3-7B,0
0.6735155530821121,0.6819769427467782,-0.0366428007797464,0.3662994198060372,-0.012163360979952,0.1887062809959225,0.0169435851700719,-0.9700933251435172,0.2003244838136276,0.8214540654246186,0.439254655827833,1199,32,Falcon3-7B,0
0.895453398706714,1.2847281042564902,-0.4895287569943493,0.2914331666204958,0.3646037244057202,0.6795930457672216,0.3519920623166626,-0.977149093756717,1.8692930833463617,1.6063197882990723,1.6886615399390883,1200,34,Falcon3-7B,0
1.1835749162688467,1.5063338460443445,0.6410223332216117,1.328621196343427,0.7175078174204116,0.7532530435114074,-0.8425938867898555,0.4373319639690833,0.1817127995957652,-0.8226519777798762,-0.9767800995218426,1201,35,Falcon3-7B,0
0.1389907265989694,0.58576045691604,1.2379029234495718,-0.0163733065122497,1.1925038631825802,1.2839528232496022,-0.6164724576279805,0.8755714685253206,-0.0279530083209062,-0.9815110413258772,-0.654974258485321,1202,36,Falcon3-7B,0
2.0677907985462936,1.862775888773791,0.072859420483732,1.284211589559453,0.600958404329074,1.3115050285330874,-0.9011934955056492,0.6262806130030267,1.7922868821049782,-0.5899042581458013,-0.0407188514939845,1203,40,Falcon3-7B,0
1.1835749162688467,1.3667444839981913,0.2688309750544053,-0.436121082066657,1.0915244980329266,1.0496851475934468,-0.2608477686195805,0.6324113979988029,-0.4849826973240771,0.0203497861819571,-0.3575630685730347,1204,44,Falcon3-7B,0
1.2182489610831284,0.9088870568216902,0.4558090980846055,-0.2837000488784346,-0.002855517937884,0.2926201236664407,-0.965046310595182,1.6239455114140873,-2.1047369000483567,-1.496098029278137,-1.557862597618033,1205,49,Falcon3-7B,0
1.0264062000526462,0.7868094990848618,0.5136766407128894,0.0509963097182184,0.5293725823088977,0.8298743452470327,0.511541024259906,-1.5285723087815115,0.114191555630842,1.681766482430984,1.9450439163568984,1206,51,Falcon3-7B,0
1.7842478817179732,1.6192427708802537,-0.0915872679348982,0.5280107846330885,0.6552561269234161,0.5621545375471186,-0.3998026748721081,-0.2286322979786605,0.227785139860614,-0.201400335761178,0.1247322243186258,1207,53,Falcon3-7B,0
1.6146268279990876,0.7794545234146606,0.6963229927479052,0.5214729726455649,0.4013539578174782,0.5447689352719843,-0.0666926847607323,-0.7103289260279532,2.2045263299465847,0.4973229534832393,1.921571618404244,1208,56,Falcon3-7B,0
0.2640471912924162,0.7754478190559593,0.4250044538872057,0.0401174827764472,0.3972632066618904,0.4012799305637846,0.0466764378987411,-0.5481693876644504,-0.0004463349782671,0.050147126500374,-0.1312684887178404,1209,59,Falcon3-7B,0
-0.5210539120222825,-0.1451027719507357,-0.2688467920421153,-0.0868236494390498,-0.106039255967126,-0.1749806659148146,0.2291169063130748,-1.2072382883122557,0.8449827602200735,0.5866619879388568,1.5684057695339595,1210,62,Falcon3-7B,0
0.9060973478050068,0.9958343831258956,0.3354605549614688,0.0796908446971083,0.9213658632629904,1.059069992942268,-0.4077375131410683,0.3625098747971799,-0.4153074476013956,-0.3703035006839557,0.4761487826910833,1211,63,Falcon3-7B,0
0.9245420631907264,1.1548417335367402,0.0808978617952091,0.0232083759851283,0.3702117592353217,0.9588405029323168,-0.6599084601920203,-0.0994507777467872,0.5879276246593559,-0.0497755151181574,0.2719906789538396,1212,65,Falcon3-7B,0
0.1705639669125457,0.3857136305013252,0.1506309879915436,0.2730993910933098,0.6429277520694725,0.353145293589165,0.1051545787955761,-1.34002943132264,0.4858737941386697,1.2097006934230423,2.2579124732136155,1213,67,Falcon3-7B,0
1.1133775675930326,0.9488449000807376,0.4588785239657936,0.2853666662561548,0.1831346516363855,0.2783330445677563,-1.360633625872547,0.790529415547574,1.0051771129901337,-1.0393458859156082,-0.1776723948329112,1214,69,Falcon3-7B,0
0.702346881517457,0.9046203540391856,-0.602883380886628,1.6486443486368958,-0.0496901406540506,0.4565873429910595,-0.3599343229373017,-0.0550501959483058,0.863732055967998,-0.4652948157872066,-0.0801255956177488,1215,80,Falcon3-7B,0
0.895453398706714,0.7327501191942254,-0.7147122377259134,-0.0300732031638551,0.3082758573341626,0.515504904678297,-0.4809181937502383,-0.5028358631561042,1.0074480335038327,0.3000244401856273,0.9871960503106552,1216,81,Falcon3-7B,0
0.5850729921812573,1.3494388812794609,-0.538425015900053,0.146943392641468,0.0926593256706114,1.3984392863170512,-0.2922229531167447,0.466456499268028,-0.2338894336836664,-0.901087775418035,-0.8978393901471989,1217,87,Falcon3-7B,0
0.7079668423270028,0.3390133550204017,-0.8886080598586031,0.2718692481126317,-0.5110485997919229,0.5343760517402414,4.7361691816156375,1.0761910925664488,-0.4941535700443231,1.4418346478494977,-0.3823711883603923,1218,89,Falcon3-7B,0
0.895453398706714,0.6120849614700268,-0.5404151051941359,-0.3058505594068449,1.0153722622112094,0.9712117359262352,-1.2841780392050015,1.698448275220488,0.5131364085977436,-1.0266855958996324,-0.9562974980563832,1219,91,Falcon3-7B,0
1.8819781243545035,1.665438690191003,0.0904687149954964,0.5017913268777561,1.2294084473097266,1.2771419146853138,-0.156275401599309,0.5326403836156991,-2.2873749227470053,-0.8973493798591661,-1.6374394126282503,1220,92,Falcon3-7B,0
1.1636355522583608,1.4408847342691855,0.2505902421511448,0.6594212087472417,0.2355767027441849,0.9900363927308848,0.1043548547541514,-0.5242847003745722,-1.0141289746824589,-0.8818229838193998,2.2120174516070032,1221,93,Falcon3-7B,0
2.6539366925711234,2.0053726074125264,0.2394837613393124,-0.0185405263270759,1.2672326368508635,1.3557926774552722,-0.6495142158973106,1.0008001228429118,1.1384946890839602,-1.0595524858754677,-0.0337853000662358,1222,94,Falcon3-7B,0
